STORE_NBR,MONTH,TOTAL_SALES,TOTAL_CUSTOMERS,TOTAL_TRANSACTIONS,AVG_TXN_PER_CUSTOMER,AVG_SPEND_PER_CUSTOMER,AVG_UNITS_PER_TXN
1,2018-07-01,206.9,49,52,1.0612244897959184,4.222448979591837,1.1923076923076923
1,2018-08-01,176.1,42,43,1.0238095238095237,4.192857142857143,1.255813953488372
1,2018-09-01,278.8,59,62,1.0508474576271187,4.72542372881356,1.2096774193548387
1,2018-10-01,188.1,44,45,1.0227272727272727,4.2749999999999995,1.288888888888889
1,2018-11-01,192.6,46,47,1.0217391304347827,4.1869565217391305,1.2127659574468086
1,2018-12-01,189.6,42,47,1.119047619047619,4.514285714285714,1.2127659574468086
1,2019-01-01,154.8,35,36,1.0285714285714285,4.4228571428571435,1.1666666666666667
1,2019-02-01,225.4,52,55,1.0576923076923077,4.334615384615384,1.1818181818181819
1,2019-03-01,192.9,45,49,1.0888888888888888,4.286666666666667,1.183673469387755
1,2019-04-01,192.9,42,43,1.0238095238095237,4.592857142857143,1.3255813953488371
1,2019-05-01,221.4,46,51,1.108695652173913,4.8130434782608695,1.2941176470588236
1,2019-06-01,174.1,42,42,1,4.145238095238095,1.2619047619047619
2,2018-07-01,150.8,39,41,1.0512820512820513,3.866666666666667,1.1219512195121952
2,2018-08-01,193.8,39,43,1.1025641025641026,4.969230769230769,1.2790697674418605
2,2018-09-01,154.4,36,37,1.0277777777777777,4.288888888888889,1.1081081081081081
2,2018-10-01,167.8,41,43,1.048780487804878,4.092682926829268,1.0465116279069768
2,2018-11-01,162.9,39,40,1.0256410256410255,4.176923076923077,1.1
2,2018-12-01,136,35,37,1.0571428571428572,3.8857142857142857,1.0810810810810811
2,2019-01-01,162.8,43,45,1.0465116279069768,3.7860465116279074,1.0888888888888888
2,2019-02-01,139.4,29,32,1.103448275862069,4.806896551724138,1.15625
2,2019-03-01,192.1,43,46,1.069767441860465,4.467441860465116,1.108695652173913
2,2019-04-01,196.5,47,49,1.0425531914893618,4.180851063829787,1.1428571428571428
2,2019-05-01,192.7,48,50,1.0416666666666667,4.014583333333333,1.12
2,2019-06-01,156.6,40,42,1.05,3.915,1.0476190476190477
3,2018-07-01,1205.7,112,138,1.2321428571428572,10.765178571428573,1.963768115942029
3,2018-08-01,1079.75,112,131,1.1696428571428572,9.640625,1.9312977099236641
3,2018-09-01,1021.5,102,119,1.1666666666666667,10.014705882352942,1.949579831932773
3,2018-10-01,1037.9,104,119,1.1442307692307692,9.979807692307693,1.9747899159663866
3,2018-11-01,1008,101,118,1.1683168316831682,9.98019801980198,1.923728813559322
3,2018-12-01,1121.6,111,129,1.162162162162162,10.104504504504504,1.9767441860465116
3,2019-01-01,1051.7,102,119,1.1666666666666667,10.31078431372549,1.9831932773109244
3,2019-02-01,1197.7,116,136,1.1724137931034482,10.325000000000001,2
3,2019-03-01,1124.4,109,129,1.18348623853211,10.31559633027523,1.9767441860465116
3,2019-04-01,920,90,108,1.2,10.222222222222221,1.9166666666666667
3,2019-05-01,996.9,108,123,1.1388888888888888,9.230555555555556,1.9024390243902438
3,2019-06-01,1037.3,105,120,1.1428571428571428,9.879047619047618,1.9833333333333334
4,2018-07-01,1399.9,128,158,1.234375,10.93671875,2.0126582278481013
4,2018-08-01,1259.5,123,150,1.2195121951219512,10.239837398373984,1.9333333333333333
4,2018-09-01,1198.6,119,136,1.1428571428571428,10.072268907563025,2.0294117647058822
4,2018-10-01,1346.4,123,153,1.2439024390243902,10.946341463414635,2.026143790849673
4,2018-11-01,1212,118,138,1.1694915254237288,10.271186440677965,2.0144927536231885
4,2018-12-01,1185.6,104,133,1.2788461538461537,11.399999999999999,2
4,2019-01-01,1525,134,167,1.2462686567164178,11.380597014925373,2.0059880239520957
4,2019-02-01,883.4,91,101,1.10989010989011,9.707692307692307,2.01980198019802
4,2019-03-01,1192.4,118,135,1.1440677966101696,10.105084745762712,2
4,2019-04-01,1230.5,116,136,1.1724137931034482,10.607758620689655,2.0073529411764706
4,2019-05-01,1018.35,105,126,1.2,9.698571428571428,1.8095238095238095
4,2019-06-01,1196,118,134,1.1355932203389831,10.135593220338983,2
5,2018-07-01,812,93,120,1.2903225806451613,8.731182795698924,2
5,2018-08-01,745.1,97,112,1.1546391752577319,7.681443298969072,1.9017857142857142
5,2018-09-01,896,101,125,1.2376237623762376,8.871287128712872,2
5,2018-10-01,798,88,107,1.2159090909090908,9.068181818181818,2
5,2018-11-01,771.4,85,111,1.3058823529411765,9.075294117647058,2
5,2018-12-01,879.2,95,125,1.3157894736842106,9.254736842105263,2
5,2019-01-01,838,92,117,1.2717391304347827,9.108695652173912,2.017094017094017
5,2019-02-01,727,87,106,1.2183908045977012,8.35632183908046,2
5,2019-03-01,681.4,82,97,1.1829268292682926,8.309756097560975,2
5,2019-04-01,721.8,86,109,1.2674418604651163,8.393023255813953,2
5,2019-05-01,720.1,84,103,1.2261904761904763,8.572619047619048,1.9514563106796117
5,2019-06-01,910.8,102,126,1.2352941176470589,8.929411764705883,2.015873015873016
6,2018-07-01,260,48,51,1.0625,5.416666666666667,1.4313725490196079
6,2018-08-01,203.2,44,47,1.0681818181818181,4.618181818181818,1.425531914893617
6,2018-09-01,207.70000000000002,38,38,1,5.465789473684211,1.5
6,2018-10-01,292.4,52,54,1.0384615384615385,5.623076923076923,1.5185185185185186
6,2018-11-01,255.3,50,51,1.02,5.106,1.4509803921568627
6,2018-12-01,209.1,38,41,1.0789473684210527,5.502631578947368,1.3902439024390243
6,2019-01-01,191.1,35,37,1.0571428571428572,5.46,1.3783783783783783
6,2019-02-01,224,40,40,1,5.6,1.575
6,2019-03-01,179.5,39,40,1.0256410256410255,4.602564102564102,1.325
6,2019-04-01,197.9,37,38,1.027027027027027,5.348648648648648,1.4210526315789473
6,2019-05-01,257.3,49,53,1.0816326530612246,5.251020408163265,1.471698113207547
6,2019-06-01,207.4,39,40,1.0256410256410255,5.317948717948718,1.475
7,2018-07-01,1024.7,100,120,1.2,10.247,1.9
7,2018-08-01,1119.9,109,130,1.1926605504587156,10.274311926605506,1.9384615384615385
7,2018-09-01,1147.3,111,128,1.1531531531531531,10.336036036036036,1.96875
7,2018-10-01,1063.9,108,124,1.1481481481481481,9.850925925925926,1.8870967741935485
7,2018-11-01,1076.5,111,129,1.162162162162162,9.698198198198199,1.9224806201550388
7,2018-12-01,906.1,95,112,1.1789473684210525,9.537894736842105,1.9017857142857142
7,2019-01-01,975.1,102,113,1.107843137254902,9.559803921568628,1.9557522123893805
7,2019-02-01,1026.4,98,120,1.2244897959183674,10.473469387755102,1.95
7,2019-03-01,1145.8,123,138,1.1219512195121952,9.315447154471544,1.9057971014492754
7,2019-04-01,942.4,85,108,1.2705882352941176,11.08705882352941,1.9537037037037037
7,2019-05-01,969.2,100,122,1.22,9.692,1.8032786885245902
7,2019-06-01,1089.6,108,128,1.1851851851851851,10.088888888888889,1.921875
8,2018-07-01,381.6,40,43,1.075,9.540000000000001,1.9767441860465116
8,2018-08-01,383,46,46,1,8.326086956521738,1.891304347826087
8,2018-09-01,293,36,36,1,8.13888888888889,1.9444444444444444
8,2018-10-01,422.8,45,49,1.0888888888888888,9.395555555555555,2
8,2018-11-01,349.2,39,40,1.0256410256410255,8.953846153846154,2
8,2018-12-01,356.4,36,40,1.1111111111111112,9.899999999999999,1.975
8,2019-01-01,445,47,50,1.0638297872340425,9.46808510638298,2
8,2019-02-01,345.4,37,38,1.027027027027027,9.335135135135134,2
8,2019-03-01,441.40000000000003,48,51,1.0625,9.195833333333335,2.0392156862745097
8,2019-04-01,364.8,39,41,1.0512820512820513,9.353846153846154,1.975609756097561
8,2019-05-01,375.6,46,47,1.0217391304347827,8.165217391304349,1.8085106382978724
8,2019-06-01,341,35,38,1.0857142857142856,9.742857142857142,2
9,2018-07-01,289.7,46,50,1.0869565217391304,6.297826086956522,1.7
9,2018-08-01,327.5,52,56,1.0769230769230769,6.298076923076923,1.6964285714285714
9,2018-09-01,369.7,55,59,1.0727272727272728,6.721818181818182,1.8135593220338984
9,2018-10-01,361,55,57,1.0363636363636364,6.5636363636363635,1.8245614035087718
9,2018-11-01,374.4,61,65,1.0655737704918034,6.137704918032787,1.7076923076923076
9,2018-12-01,382.6,58,61,1.0517241379310345,6.596551724137932,1.8032786885245902
9,2019-01-01,399.4,65,66,1.0153846153846153,6.144615384615384,1.7727272727272727
9,2019-02-01,259.4,43,45,1.0465116279069768,6.032558139534883,1.6888888888888889
9,2019-03-01,367.6,50,54,1.08,7.352,1.8518518518518519
9,2019-04-01,267.6,45,46,1.0222222222222221,5.946666666666667,1.7608695652173914
9,2019-05-01,345.8,54,55,1.0185185185185186,6.403703703703704,1.8545454545454545
9,2019-06-01,267.7,44,45,1.0227272727272727,6.084090909090909,1.7333333333333334
10,2018-07-01,892,100,122,1.22,8.92,2
10,2018-08-01,878.65,96,123,1.28125,9.152604166666666,1.943089430894309
10,2018-09-01,945,112,136,1.2142857142857142,8.4375,2.0441176470588234
10,2018-10-01,910.8,93,125,1.3440860215053763,9.793548387096774,2.032
10,2018-11-01,885,100,128,1.28,8.85,2
10,2018-12-01,936.6,108,134,1.2407407407407407,8.672222222222222,2.029850746268657
10,2019-01-01,878.6,102,126,1.2352941176470589,8.613725490196078,2
10,2019-02-01,853,97,121,1.2474226804123711,8.793814432989691,2
10,2019-03-01,862,98,120,1.2244897959183674,8.795918367346939,2
10,2019-04-01,746.2,85,105,1.2352941176470589,8.778823529411765,2.019047619047619
10,2019-05-01,762.05,90,111,1.2333333333333334,8.467222222222222,1.972972972972973
10,2019-06-01,752.4,87,104,1.1954022988505748,8.648275862068965,2.019230769230769
11,2018-10-01,2.9,1,1,1,2.9,1
11,2018-12-01,3.8,1,1,1,3.8,1
12,2018-07-01,429.6,47,49,1.0425531914893618,9.140425531914895,2
12,2018-08-01,360.8,44,45,1.0227272727272727,8.200000000000001,1.8888888888888888
12,2018-09-01,417.6,48,49,1.0208333333333333,8.700000000000001,2
12,2018-10-01,423.6,43,46,1.069767441860465,9.851162790697675,2.0434782608695654
12,2018-11-01,456.6,49,51,1.0408163265306123,9.318367346938777,2
12,2018-12-01,495.2,53,57,1.0754716981132075,9.343396226415095,2
12,2019-01-01,451.8,46,49,1.065217391304348,9.821739130434782,2.0408163265306123
12,2019-02-01,334.4,38,38,1,8.799999999999999,2
12,2019-03-01,491.6,47,53,1.127659574468085,10.459574468085107,2
12,2019-04-01,467.2,44,49,1.1136363636363635,10.618181818181817,2.0408163265306123
12,2019-05-01,375.5,47,48,1.0212765957446808,7.98936170212766,1.8333333333333333
12,2019-06-01,306,35,36,1.0285714285714285,8.742857142857142,2
13,2018-07-01,811.8,97,120,1.2371134020618557,8.369072164948452,2
13,2018-08-01,756.9,96,113,1.1770833333333333,7.8843749999999995,1.9469026548672566
13,2018-09-01,840,96,123,1.28125,8.75,2
13,2018-10-01,851,97,122,1.2577319587628866,8.77319587628866,2.0163934426229506
13,2018-11-01,1049.4,120,152,1.2666666666666666,8.745000000000001,2.026315789473684
13,2018-12-01,878.6,106,130,1.2264150943396226,8.288679245283019,2.0307692307692307
13,2019-01-01,927,97,130,1.3402061855670102,9.556701030927835,2
13,2019-02-01,868,101,125,1.2376237623762376,8.594059405940595,2.032
13,2019-03-01,1035.6,111,147,1.3243243243243243,9.32972972972973,2.0408163265306123
13,2019-04-01,1024.4,101,140,1.386138613861386,10.142574257425743,2.0428571428571427
13,2019-05-01,803.2,93,127,1.3655913978494623,8.636559139784946,1.8661417322834646
13,2019-06-01,840.6,94,122,1.297872340425532,8.942553191489361,2
14,2018-07-01,46.9,8,8,1,5.8625,1.875
14,2018-08-01,46.8,8,8,1,5.85,1.75
14,2018-09-01,47.5,7,7,1,6.785714285714286,1.8571428571428572
14,2018-10-01,42,6,6,1,7,1.8333333333333333
14,2018-11-01,47.6,8,8,1,5.95,1.75
14,2018-12-01,34.4,6,6,1,5.733333333333333,2
14,2019-01-01,18,3,3,1,6,2
14,2019-02-01,34.4,5,5,1,6.88,2
14,2019-03-01,13.2,2,2,1,6.6,2
14,2019-04-01,17.3,3,3,1,5.766666666666667,1.6666666666666667
14,2019-05-01,9.4,3,3,1,3.1333333333333333,1.3333333333333333
14,2019-06-01,53.2,7,7,1,7.6000000000000005,1.7142857142857142
15,2018-07-01,742.6,84,103,1.2261904761904763,8.84047619047619,2
15,2018-08-01,840.2,105,129,1.2285714285714286,8.001904761904763,1.937984496124031
15,2018-09-01,837,89,119,1.3370786516853932,9.404494382022472,2
15,2018-10-01,828.4,88,114,1.2954545454545454,9.413636363636364,2
15,2018-11-01,647.2,78,96,1.2307692307692308,8.297435897435898,2
15,2018-12-01,917,101,134,1.3267326732673268,9.07920792079208,2.014925373134328
15,2019-01-01,873.8,99,124,1.2525252525252526,8.826262626262626,2
15,2019-02-01,700.8,78,95,1.2179487179487178,8.984615384615385,2.0210526315789474
15,2019-03-01,773,88,109,1.2386363636363635,8.784090909090908,2
15,2019-04-01,738.4,87,110,1.264367816091954,8.48735632183908,2
15,2019-05-01,768.85,95,117,1.231578947368421,8.093157894736843,1.8717948717948718
15,2019-06-01,818.8,94,122,1.297872340425532,8.71063829787234,2.0163934426229506
16,2018-07-01,113.8,32,33,1.03125,3.55625,1
16,2018-08-01,149.2,35,36,1.0285714285714285,4.2628571428571425,1.1111111111111112
16,2018-09-01,140.2,35,39,1.1142857142857143,4.005714285714285,1.0512820512820513
16,2018-10-01,138.6,39,41,1.0512820512820513,3.5538461538461537,1
16,2018-11-01,150.1,40,41,1.025,3.7525,1
16,2018-12-01,176.8,45,48,1.0666666666666667,3.9288888888888893,1.0625
16,2019-01-01,153.3,41,41,1,3.7390243902439027,1
16,2019-02-01,128.4,34,35,1.0294117647058822,3.7764705882352945,1.0285714285714285
16,2019-03-01,156.7,38,41,1.0789473684210527,4.123684210526315,1
16,2019-04-01,82.3,26,26,1,3.1653846153846152,1
16,2019-05-01,133.5,31,32,1.032258064516129,4.306451612903226,1.1875
16,2019-06-01,109.2,28,28,1,3.9,1
17,2018-07-01,485.7,56,57,1.0178571428571428,8.673214285714286,1.912280701754386
17,2018-08-01,353.3,40,42,1.05,8.8325,1.8571428571428572
17,2018-09-01,377,40,43,1.075,9.425,1.930232558139535
17,2018-10-01,341.1,41,41,1,8.319512195121952,1.853658536585366
17,2018-11-01,403.6,42,46,1.0952380952380953,9.609523809523811,1.9130434782608696
17,2018-12-01,463,48,53,1.1041666666666667,9.645833333333334,1.9433962264150944
17,2019-01-01,364.6,39,43,1.1025641025641026,9.34871794871795,1.930232558139535
17,2019-02-01,386,44,47,1.0681818181818181,8.772727272727273,1.9361702127659575
17,2019-03-01,440.3,50,52,1.04,8.806000000000001,1.9423076923076923
17,2019-04-01,400.4,45,49,1.0888888888888888,8.897777777777778,1.8775510204081634
17,2019-05-01,333.2,42,43,1.0238095238095237,7.933333333333333,1.8604651162790697
17,2019-06-01,288.4,36,36,1,8.011111111111111,1.8611111111111112
18,2018-07-01,326.6,52,55,1.0576923076923077,6.2807692307692315,1.6
18,2018-08-01,273.6,48,50,1.0416666666666667,5.7,1.46
18,2018-09-01,262.5,43,47,1.0930232558139534,6.104651162790698,1.574468085106383
18,2018-10-01,336.6,58,62,1.0689655172413792,5.80344827586207,1.564516129032258
18,2018-11-01,258,45,48,1.0666666666666667,5.733333333333333,1.5416666666666667
18,2018-12-01,247.6,35,39,1.1142857142857143,7.074285714285714,1.7435897435897436
18,2019-01-01,266.7,47,48,1.0212765957446808,5.6744680851063825,1.5416666666666667
18,2019-02-01,190.4,32,33,1.03125,5.95,1.5757575757575757
18,2019-03-01,269.5,47,48,1.0212765957446808,5.73404255319149,1.625
18,2019-04-01,259.6,48,51,1.0625,5.408333333333334,1.4901960784313726
18,2019-05-01,288,48,50,1.0416666666666667,6,1.62
18,2019-06-01,290.6,46,48,1.0434782608695652,6.317391304347827,1.6458333333333333
19,2018-07-01,729.1,84,95,1.130952380952381,8.679761904761905,1.7157894736842105
19,2018-08-01,737.8,86,98,1.1395348837209303,8.57906976744186,1.7346938775510203
19,2018-09-01,774.6,81,96,1.1851851851851851,9.562962962962963,1.7604166666666667
19,2018-10-01,778.8,86,98,1.1395348837209303,9.055813953488371,1.7551020408163265
19,2018-11-01,764.7,88,100,1.1363636363636365,8.689772727272727,1.76
19,2018-12-01,667.6,82,91,1.1097560975609757,8.141463414634147,1.6703296703296704
19,2019-01-01,992,111,125,1.1261261261261262,8.936936936936936,1.792
19,2019-02-01,742.1,82,91,1.1097560975609757,9.05,1.7692307692307692
19,2019-03-01,548.9,66,72,1.0909090909090908,8.316666666666666,1.75
19,2019-04-01,714.2,81,89,1.0987654320987654,8.817283950617284,1.8089887640449438
19,2019-05-01,844.4,93,108,1.1612903225806452,9.079569892473119,1.7685185185185186
19,2019-06-01,678.7,71,83,1.1690140845070423,9.559154929577465,1.855421686746988
20,2018-07-01,269.2,56,57,1.0178571428571428,4.807142857142857,1.263157894736842
20,2018-08-01,195.7,40,42,1.05,4.8925,1.2857142857142858
20,2018-09-01,215.9,46,48,1.0434782608695652,4.693478260869566,1.3333333333333333
20,2018-10-01,174.3,44,44,1,3.9613636363636364,1.2045454545454546
20,2018-11-01,154.7,36,37,1.0277777777777777,4.297222222222222,1.2432432432432432
20,2018-12-01,170.6,37,40,1.0810810810810811,4.61081081081081,1.25
20,2019-01-01,188.2,41,44,1.0731707317073171,4.590243902439024,1.25
20,2019-02-01,174,39,41,1.0512820512820513,4.461538461538462,1.2682926829268293
20,2019-03-01,269.5,56,60,1.0714285714285714,4.8125,1.2833333333333334
20,2019-04-01,211.8,45,45,1,4.706666666666667,1.3333333333333333
20,2019-05-01,230.85,44,47,1.0681818181818181,5.246590909090909,1.4893617021276595
20,2019-06-01,264.5,52,54,1.0384615384615385,5.086538461538462,1.3518518518518519
21,2018-07-01,409.4,42,46,1.0952380952380953,9.747619047619047,2
21,2018-08-01,510.1,56,63,1.125,9.108928571428573,1.8571428571428572
21,2018-09-01,382.6,41,46,1.1219512195121952,9.331707317073171,1.9782608695652173
21,2018-10-01,341.6,38,40,1.0526315789473684,8.989473684210527,2
21,2018-11-01,554.4,59,63,1.0677966101694916,9.396610169491526,2
21,2018-12-01,480.8,51,54,1.0588235294117647,9.427450980392157,2
21,2019-01-01,415.2,45,47,1.0444444444444445,9.226666666666667,2.0425531914893615
21,2019-02-01,406.8,43,46,1.069767441860465,9.46046511627907,2
21,2019-03-01,384,43,45,1.0465116279069768,8.930232558139535,2
21,2019-04-01,390.6,42,45,1.0714285714285714,9.3,2
21,2019-05-01,486,55,61,1.1090909090909091,8.836363636363636,1.8360655737704918
21,2019-06-01,393.4,41,42,1.024390243902439,9.595121951219511,2
22,2018-07-01,309.2,49,51,1.0408163265306123,6.310204081632653,1.8431372549019607
22,2018-08-01,201.3,36,36,1,5.591666666666667,1.6388888888888888
22,2018-09-01,302.9,42,43,1.0238095238095237,7.211904761904761,1.9069767441860466
22,2018-10-01,347.5,50,53,1.06,6.95,1.8679245283018868
22,2018-11-01,262.2,42,42,1,6.242857142857143,1.8571428571428572
22,2018-12-01,230.5,37,39,1.054054054054054,6.22972972972973,1.794871794871795
22,2019-01-01,325.8,48,55,1.1458333333333333,6.7875000000000005,1.7454545454545454
22,2019-02-01,365.4,46,49,1.065217391304348,7.943478260869565,2
22,2019-03-01,316.2,49,50,1.0204081632653061,6.453061224489796,1.82
22,2019-04-01,341.4,55,57,1.0363636363636364,6.207272727272727,1.894736842105263
22,2019-05-01,415.5,59,63,1.0677966101694916,7.0423728813559325,1.7619047619047619
22,2019-06-01,271.5,36,42,1.1666666666666667,7.541666666666667,1.9047619047619047
23,2018-07-01,890.8,96,124,1.2916666666666667,9.279166666666667,2.032258064516129
23,2018-08-01,952.1,105,144,1.3714285714285714,9.067619047619047,1.8888888888888888
23,2018-09-01,720.8,88,104,1.1818181818181819,8.19090909090909,2.076923076923077
23,2018-10-01,793.4,87,111,1.2758620689655173,9.119540229885057,2
23,2018-11-01,826,94,119,1.2659574468085106,8.787234042553191,2.0168067226890756
23,2018-12-01,985,100,137,1.37,9.85,2.0291970802919708
23,2019-01-01,930.8,103,134,1.3009708737864079,9.036893203883494,2.014925373134328
23,2019-02-01,867.8,100,125,1.25,8.677999999999999,2.032
23,2019-03-01,767.6,86,104,1.2093023255813953,8.925581395348837,2.0384615384615383
23,2019-04-01,912,96,127,1.3229166666666667,9.5,2.015748031496063
23,2019-05-01,841.5,96,125,1.3020833333333333,8.765625,1.944
23,2019-06-01,818,103,118,1.145631067961165,7.941747572815534,2
24,2018-07-01,719.2,90,107,1.1888888888888889,7.9911111111111115,2
24,2018-08-01,792.7,90,115,1.2777777777777777,8.807777777777778,1.9652173913043478
24,2018-09-01,857.4,95,123,1.2947368421052632,9.025263157894736,2
24,2018-10-01,833.2,89,119,1.3370786516853932,9.36179775280899,2
24,2018-11-01,702,86,101,1.1744186046511629,8.162790697674419,2.0594059405940595
24,2018-12-01,644,79,95,1.2025316455696202,8.151898734177216,2
24,2019-01-01,820.6,98,118,1.2040816326530612,8.373469387755103,2.016949152542373
24,2019-02-01,693.2,79,93,1.1772151898734178,8.774683544303798,2
24,2019-03-01,830.6,90,118,1.3111111111111111,9.22888888888889,2.016949152542373
24,2019-04-01,751.2,84,110,1.3095238095238095,8.942857142857143,2.018181818181818
24,2019-05-01,804.9,95,125,1.3157894736842106,8.472631578947368,1.928
24,2019-06-01,781,89,115,1.2921348314606742,8.775280898876405,2.017391304347826
25,2018-07-01,414.6,43,47,1.0930232558139534,9.64186046511628,2
25,2018-08-01,340.3,34,39,1.1470588235294117,10.008823529411766,1.9230769230769231
25,2018-09-01,398.6,42,45,1.0714285714285714,9.49047619047619,2
25,2018-10-01,496.8,53,57,1.0754716981132075,9.373584905660378,2
25,2018-11-01,554.2,57,63,1.105263157894737,9.722807017543861,2
25,2018-12-01,472.2,49,53,1.0816326530612246,9.636734693877552,2
25,2019-01-01,443.6,45,48,1.0666666666666667,9.857777777777779,2
25,2019-02-01,430.6,46,49,1.065217391304348,9.360869565217392,2
25,2019-03-01,451.8,49,51,1.0408163265306123,9.220408163265306,2.0392156862745097
25,2019-04-01,458.8,48,51,1.0625,9.558333333333334,2
25,2019-05-01,405.35,47,49,1.0425531914893618,8.624468085106383,1.8979591836734695
25,2019-06-01,430.8,45,48,1.0666666666666667,9.573333333333334,2
26,2018-07-01,1245,127,142,1.1181102362204725,9.803149606299213,2.0140845070422535
26,2018-08-01,1092.8,113,131,1.1592920353982301,9.670796460176991,1.8931297709923665
26,2018-09-01,1262.8,123,138,1.1219512195121952,10.266666666666666,2
26,2018-10-01,1123.8,108,127,1.1759259259259258,10.405555555555555,2
26,2018-11-01,1248,113,138,1.2212389380530972,11.044247787610619,2
26,2018-12-01,1337.4,124,149,1.2016129032258065,10.785483870967743,2
26,2019-01-01,1153.6,110,131,1.190909090909091,10.487272727272726,2
26,2019-02-01,1089.8,104,122,1.1730769230769231,10.478846153846153,2.0327868852459017
26,2019-03-01,1313.2,131,147,1.1221374045801527,10.024427480916032,2.0272108843537415
26,2019-04-01,1233.4,117,140,1.1965811965811965,10.541880341880344,2.0142857142857142
26,2019-05-01,1121.3,105,130,1.2380952380952381,10.67904761904762,1.9230769230769231
26,2019-06-01,1248.2,112,137,1.2232142857142858,11.144642857142857,2.0291970802919708
27,2018-07-01,470.1,51,53,1.0392156862745099,9.21764705882353,1.9811320754716981
27,2018-08-01,526.9,56,60,1.0714285714285714,9.408928571428572,1.9666666666666666
27,2018-09-01,436.40000000000003,49,50,1.0204081632653061,8.906122448979593,2
27,2018-10-01,316.6,34,36,1.0588235294117647,9.311764705882354,1.9722222222222223
27,2018-11-01,403.1,46,46,1,8.76304347826087,1.9565217391304348
27,2018-12-01,410,46,47,1.0217391304347827,8.91304347826087,1.9574468085106382
27,2019-01-01,424,45,47,1.0444444444444445,9.422222222222222,1.9361702127659575
27,2019-02-01,342.4,38,41,1.0789473684210527,9.010526315789473,2
27,2019-03-01,459.4,46,52,1.1304347826086956,9.98695652173913,1.9230769230769231
27,2019-04-01,488.90000000000003,50,55,1.1,9.778,1.9636363636363636
27,2019-05-01,363.4,44,46,1.0454545454545454,8.259090909090908,1.7608695652173914
27,2019-06-01,479.5,54,55,1.0185185185185186,8.87962962962963,1.9636363636363636
28,2018-07-01,754,90,109,1.211111111111111,8.377777777777778,2
28,2018-08-01,753.95,97,117,1.2061855670103092,7.772680412371135,1.8632478632478633
28,2018-09-01,787.8,84,108,1.2857142857142858,9.378571428571428,2
28,2018-10-01,733,91,104,1.1428571428571428,8.054945054945055,2.019230769230769
28,2018-11-01,895,101,125,1.2376237623762376,8.861386138613861,2
28,2018-12-01,851.2,107,134,1.2523364485981308,7.955140186915888,2
28,2019-01-01,794.4,91,114,1.2527472527472527,8.729670329670329,2.0350877192982457
28,2019-02-01,843.2,92,117,1.2717391304347827,9.165217391304349,2.034188034188034
28,2019-03-01,701.2,78,96,1.2307692307692308,8.98974358974359,2.0625
28,2019-04-01,854,94,117,1.2446808510638299,9.085106382978724,2.017094017094017
28,2019-05-01,615.6,79,93,1.1772151898734178,7.79240506329114,1.956989247311828
28,2019-06-01,791,89,112,1.2584269662921348,8.887640449438202,2
29,2018-07-01,309.2,37,37,1,8.356756756756756,1.9189189189189189
29,2018-08-01,382.3,41,43,1.048780487804878,9.324390243902439,1.9534883720930232
29,2018-09-01,475.3,48,54,1.125,9.902083333333334,1.9444444444444444
29,2018-10-01,295,34,35,1.0294117647058822,8.676470588235293,1.9428571428571428
29,2018-11-01,348.2,36,39,1.0833333333333333,9.672222222222222,1.9743589743589745
29,2018-12-01,416.8,45,49,1.0888888888888888,9.262222222222222,1.9387755102040816
29,2019-01-01,455.2,49,53,1.0816326530612246,9.289795918367346,1.9811320754716981
29,2019-02-01,340.2,35,39,1.1142857142857143,9.719999999999999,2
29,2019-03-01,422.9,48,51,1.0625,8.810416666666667,1.9607843137254901
29,2019-04-01,391.7,42,44,1.0476190476190477,9.326190476190476,1.9318181818181819
29,2019-05-01,472.3,54,59,1.0925925925925926,8.746296296296297,1.88135593220339
29,2019-06-01,388.4,46,46,1,8.443478260869565,1.934782608695652
30,2018-07-01,879.8,94,123,1.3085106382978724,9.359574468085105,2.016260162601626
30,2018-08-01,935.8,111,136,1.2252252252252251,8.43063063063063,1.9926470588235294
30,2018-09-01,860.6,96,116,1.2083333333333333,8.964583333333334,2.0517241379310347
30,2018-10-01,862.6,100,121,1.21,8.626,2.0330578512396693
30,2018-11-01,819,93,115,1.2365591397849462,8.806451612903226,2.017391304347826
30,2018-12-01,1014,99,131,1.3232323232323233,10.242424242424242,2.030534351145038
30,2019-01-01,822.8,93,117,1.2580645161290323,8.84731182795699,2
30,2019-02-01,838,94,123,1.3085106382978724,8.914893617021276,2
30,2019-03-01,937.4,99,125,1.2626262626262625,9.468686868686868,2.032
30,2019-04-01,811,91,113,1.2417582417582418,8.912087912087912,2.017699115044248
30,2019-05-01,778.5,96,118,1.2291666666666667,8.109375,1.9491525423728813
30,2019-06-01,800,94,116,1.2340425531914894,8.51063829787234,2.0172413793103448
31,2018-09-01,6,1,1,1,6,2
31,2018-11-01,8.8,1,1,1,8.8,2
32,2018-07-01,761.4,90,107,1.1888888888888889,8.459999999999999,2.0373831775700935
32,2018-08-01,751,93,112,1.2043010752688172,8.075268817204302,1.9642857142857142
32,2018-09-01,779,86,113,1.313953488372093,9.05813953488372,2
32,2018-10-01,1002.4,101,142,1.4059405940594059,9.924752475247525,2.0140845070422535
32,2018-11-01,1033.6,109,142,1.3027522935779816,9.48256880733945,2.0422535211267605
32,2018-12-01,921.4,103,131,1.2718446601941749,8.945631067961164,2.0610687022900764
32,2019-01-01,830.4,81,114,1.4074074074074074,10.251851851851852,2.0350877192982457
32,2019-02-01,575,70,81,1.1571428571428573,8.214285714285714,2.049382716049383
32,2019-03-01,792.4,85,111,1.3058823529411765,9.32235294117647,2.018018018018018
32,2019-04-01,851.6,97,118,1.2164948453608246,8.77938144329897,2.016949152542373
32,2019-05-01,864.3,99,128,1.292929292929293,8.73030303030303,1.890625
32,2019-06-01,821,91,119,1.3076923076923077,9.021978021978022,2
33,2018-07-01,1045.6,116,152,1.3103448275862069,9.013793103448275,2.013157894736842
33,2018-08-01,934.8,109,142,1.3027522935779816,8.576146788990826,1.9366197183098592
33,2018-09-01,921,103,128,1.2427184466019416,8.941747572815533,2.015625
33,2018-10-01,927.8,106,130,1.2264150943396226,8.752830188679244,2.0153846153846153
33,2018-11-01,888,102,126,1.2352941176470589,8.705882352941176,2
33,2018-12-01,972.8,105,135,1.2857142857142858,9.264761904761905,2.0148148148148146
33,2019-01-01,970.6,103,136,1.3203883495145632,9.423300970873786,2.036764705882353
33,2019-02-01,781.2,89,106,1.1910112359550562,8.77752808988764,2.0377358490566038
33,2019-03-01,901.4,98,124,1.2653061224489797,9.197959183673468,2.0161290322580645
33,2019-04-01,1087.4,104,150,1.4423076923076923,10.455769230769231,2.026666666666667
33,2019-05-01,915.2,101,135,1.3366336633663367,9.061386138613862,1.9111111111111112
33,2019-06-01,818.2,98,119,1.2142857142857142,8.348979591836736,2
34,2018-07-01,335.8,38,40,1.0526315789473684,8.836842105263159,1.925
34,2018-08-01,343.7,44,45,1.0227272727272727,7.8113636363636365,1.711111111111111
34,2018-09-01,326.5,38,38,1,8.592105263157896,1.9736842105263157
34,2018-10-01,444.7,50,51,1.02,8.894,1.9019607843137254
34,2018-11-01,323.7,37,41,1.1081081081081081,8.748648648648649,1.8780487804878048
34,2018-12-01,455.7,50,55,1.1,9.113999999999999,1.9090909090909092
34,2019-01-01,392,42,44,1.0476190476190477,9.333333333333334,1.9318181818181819
34,2019-02-01,273.7,32,34,1.0625,8.553125,1.8235294117647058
34,2019-03-01,332.7,40,40,1,8.317499999999999,1.925
34,2019-04-01,419.3,46,48,1.0434782608695652,9.115217391304348,1.9583333333333333
34,2019-05-01,334.7,37,39,1.054054054054054,9.045945945945945,1.8717948717948718
34,2019-06-01,283.7,32,35,1.09375,8.865625,1.8857142857142857
35,2018-07-01,124.2,36,37,1.0277777777777777,3.45,1
35,2018-08-01,147.6,40,40,1,3.69,1.075
35,2018-09-01,121.3,31,32,1.032258064516129,3.9129032258064513,1.03125
35,2018-10-01,128.1,33,33,1,3.881818181818182,1.0303030303030303
35,2018-11-01,121.2,34,34,1,3.5647058823529414,1.0588235294117647
35,2018-12-01,147.1,35,37,1.0571428571428572,4.202857142857143,1.0810810810810811
35,2019-01-01,99.5,27,27,1,3.685185185185185,1
35,2019-02-01,117.2,32,32,1,3.6625,1.0625
35,2019-03-01,156.4,38,39,1.0263157894736843,4.1157894736842104,1.1282051282051282
35,2019-04-01,143.6,37,40,1.0810810810810811,3.881081081081081,1.025
35,2019-05-01,176.1,38,42,1.105263157894737,4.63421052631579,1.2142857142857142
35,2019-06-01,126.60000000000001,29,31,1.0689655172413792,4.365517241379311,1.064516129032258
36,2018-07-01,1014.2,102,112,1.0980392156862746,9.943137254901961,2.017857142857143
36,2018-08-01,1078.05,111,129,1.162162162162162,9.712162162162162,1.8992248062015504
36,2018-09-01,918.6,95,104,1.0947368421052632,9.669473684210526,2
36,2018-10-01,1136.6,114,128,1.1228070175438596,9.97017543859649,2
36,2018-11-01,1098.4,100,122,1.22,10.984000000000002,2.0163934426229506
36,2018-12-01,1014.8000000000001,98,115,1.1734693877551021,10.355102040816327,2
36,2019-01-01,923.4,89,106,1.1910112359550562,10.375280898876404,2.018867924528302
36,2019-02-01,905,88,101,1.1477272727272727,10.284090909090908,2
36,2019-03-01,942,94,107,1.1382978723404256,10.02127659574468,2
36,2019-04-01,1017.4,97,113,1.1649484536082475,10.488659793814433,2.017699115044248
36,2019-05-01,895,98,110,1.1224489795918366,9.13265306122449,1.8818181818181818
36,2019-06-01,1154.8,111,131,1.1801801801801801,10.403603603603603,2.015267175572519
37,2018-07-01,471.6,48,51,1.0625,9.825000000000001,1.9607843137254901
37,2018-08-01,547.75,64,67,1.046875,8.55859375,1.8507462686567164
37,2018-09-01,372.8,44,44,1,8.472727272727273,1.9545454545454546
37,2018-10-01,388.4,47,48,1.0212765957446808,8.263829787234043,1.9583333333333333
37,2018-11-01,264.5,30,31,1.0333333333333334,8.816666666666666,1.967741935483871
37,2018-12-01,455.2,49,51,1.0408163265306123,9.289795918367346,2
37,2019-01-01,392.1,40,44,1.1,9.8025,1.9545454545454546
37,2019-02-01,350.40000000000003,39,41,1.0512820512820513,8.984615384615385,1.951219512195122
37,2019-03-01,442.2,44,51,1.1590909090909092,10.049999999999999,2
37,2019-04-01,407.6,45,48,1.0666666666666667,9.057777777777778,2
37,2019-05-01,276.9,32,32,1,8.653125,1.96875
37,2019-06-01,359,37,40,1.0810810810810811,9.702702702702704,2
38,2018-07-01,301.6,46,48,1.0434782608695652,6.556521739130435,1.6041666666666667
38,2018-08-01,283.9,50,54,1.08,5.678,1.4814814814814814
38,2018-09-01,268.6,43,46,1.069767441860465,6.246511627906977,1.6304347826086956
38,2018-10-01,240.7,46,48,1.0434782608695652,5.232608695652174,1.5416666666666667
38,2018-11-01,352.2,53,59,1.1132075471698113,6.645283018867924,1.6610169491525424
38,2018-12-01,207.4,36,38,1.0555555555555556,5.761111111111111,1.631578947368421
38,2019-01-01,299.8,54,58,1.0740740740740742,5.551851851851852,1.5344827586206897
38,2019-02-01,254.7,46,49,1.065217391304348,5.53695652173913,1.510204081632653
38,2019-03-01,225.1,39,43,1.1025641025641026,5.771794871794872,1.5348837209302326
38,2019-04-01,239.4,43,43,1,5.567441860465117,1.6046511627906976
38,2019-05-01,220.7,44,46,1.0454545454545454,5.015909090909091,1.4565217391304348
38,2019-06-01,256.3,43,44,1.0232558139534884,5.96046511627907,1.6136363636363635
39,2018-07-01,866,99,126,1.2727272727272727,8.747474747474747,2.0317460317460316
39,2018-08-01,919.2,100,130,1.3,9.192,1.9615384615384615
39,2018-09-01,873,100,121,1.21,8.73,2.0826446280991737
39,2018-10-01,844.2,94,119,1.2659574468085106,8.980851063829787,2.033613445378151
39,2018-11-01,856.4,103,126,1.2233009708737863,8.314563106796117,2
39,2018-12-01,857.4,96,124,1.2916666666666667,8.93125,2
39,2019-01-01,865.6,94,127,1.351063829787234,9.208510638297872,2
39,2019-02-01,704.2,87,98,1.1264367816091954,8.094252873563219,2.0408163265306123
39,2019-03-01,912,98,131,1.336734693877551,9.306122448979592,2.015267175572519
39,2019-04-01,863.6,102,134,1.3137254901960784,8.466666666666667,2.014925373134328
39,2019-05-01,807.65,96,121,1.2604166666666667,8.413020833333333,1.9586776859504131
39,2019-06-01,812.8,96,115,1.1979166666666667,8.466666666666667,2.034782608695652
40,2018-07-01,1332,128,152,1.1875,10.40625,2.013157894736842
40,2018-08-01,1208,123,136,1.1056910569105691,9.821138211382113,1.9705882352941178
40,2018-09-01,1312,135,150,1.1111111111111112,9.718518518518518,2
40,2018-10-01,1323.6,118,144,1.2203389830508475,11.216949152542371,2.0277777777777777
40,2018-11-01,1099.4,109,122,1.1192660550458715,10.086238532110093,2
40,2018-12-01,1335.4,128,152,1.1875,10.4328125,2.013157894736842
40,2019-01-01,1256.4,121,144,1.1900826446280992,10.383471074380166,2
40,2019-02-01,1355.4,125,149,1.192,10.843200000000001,2.0134228187919465
40,2019-03-01,1277.6,118,141,1.194915254237288,10.827118644067795,2
40,2019-04-01,1249,119,140,1.1764705882352942,10.495798319327731,2
40,2019-05-01,1342.9,136,162,1.1911764705882353,9.874264705882354,1.882716049382716
40,2019-06-01,1467.8,143,164,1.1468531468531469,10.264335664335665,2
41,2018-07-01,216.4,49,50,1.0204081632653061,4.4163265306122454,1.22
41,2018-08-01,209.8,43,44,1.0232558139534884,4.879069767441861,1.3181818181818181
41,2018-09-01,216.1,44,46,1.0454545454545454,4.911363636363636,1.2608695652173914
41,2018-10-01,156.5,34,38,1.1176470588235294,4.602941176470588,1.2105263157894737
41,2018-11-01,199.3,46,47,1.0217391304347827,4.3326086956521745,1.2765957446808511
41,2018-12-01,214.5,46,50,1.0869565217391304,4.663043478260869,1.26
41,2019-01-01,169,36,37,1.0277777777777777,4.694444444444445,1.2162162162162162
41,2019-02-01,234.6,50,50,1,4.692,1.38
41,2019-03-01,226.2,46,49,1.065217391304348,4.9173913043478255,1.3673469387755102
41,2019-04-01,231.3,47,49,1.0425531914893618,4.921276595744681,1.3265306122448979
41,2019-05-01,258.8,51,52,1.0196078431372548,5.074509803921569,1.2692307692307692
41,2019-06-01,237.7,48,54,1.125,4.952083333333333,1.2037037037037037
42,2018-07-01,27.3,7,7,1,3.9,1.2857142857142858
42,2018-08-01,44.9,8,8,1,5.6125,1.5
42,2018-09-01,21.2,6,6,1,3.533333333333333,1.3333333333333333
42,2018-10-01,14.700000000000001,3,3,1,4.9,1.3333333333333333
42,2018-11-01,8.4,2,2,1,4.2,1
42,2018-12-01,12.3,4,4,1,3.075,1
42,2019-01-01,35.2,9,9,1,3.9111111111111114,1.1111111111111112
42,2019-02-01,17.1,4,4,1,4.275,1
42,2019-03-01,24.2,5,5,1,4.84,1.2
42,2019-04-01,6.7,2,2,1,3.35,1
42,2019-05-01,30.3,9,9,1,3.3666666666666667,1.1111111111111112
42,2019-06-01,15.5,5,5,1,3.1,1
43,2018-07-01,1003.8,118,146,1.2372881355932204,8.50677966101695,2
43,2018-08-01,1005.7,109,149,1.3669724770642202,9.226605504587157,1.9731543624161074
43,2018-09-01,974.8000000000001,100,135,1.35,9.748000000000001,2.0148148148148146
43,2018-10-01,1026.4,111,145,1.3063063063063063,9.246846846846848,2.013793103448276
43,2018-11-01,950.8,104,133,1.2788461538461537,9.142307692307693,2
43,2018-12-01,1274.8,125,169,1.352,10.1984,2.0118343195266273
43,2019-01-01,1002.8,111,141,1.2702702702702702,9.034234234234233,2.0141843971631204
43,2019-02-01,852.2,99,121,1.2222222222222223,8.608080808080809,2
43,2019-03-01,1118.2,118,160,1.3559322033898304,9.476271186440679,2
43,2019-04-01,972.2,102,136,1.3333333333333333,9.531372549019608,2.0220588235294117
43,2019-05-01,1083.65,122,159,1.3032786885245902,8.882377049180329,1.9371069182389937
43,2019-06-01,1119.2,120,167,1.3916666666666666,9.326666666666666,2
44,2018-07-01,23.7,4,4,1,5.925,1.5
44,2018-09-01,16.4,3,3,1,5.466666666666666,1.6666666666666667
44,2018-10-01,26.9,5,5,1,5.38,1.4
44,2018-11-01,26.6,4,4,1,6.65,1.75
44,2018-12-01,33.5,7,7,1,4.785714285714286,1.5714285714285714
44,2019-01-01,19.8,5,5,1,3.96,1.4
44,2019-02-01,36.7,4,4,1,9.175,1.75
44,2019-03-01,25.2,6,6,1,4.2,1.5
44,2019-04-01,20.900000000000002,5,5,1,4.180000000000001,1.4
44,2019-05-01,56.5,6,6,1,9.416666666666666,2.1666666666666665
44,2019-06-01,50,9,9,1,5.555555555555555,1.7777777777777777
45,2018-07-01,981.2,115,145,1.2608695652173914,8.53217391304348,2
45,2018-08-01,669.1,84,102,1.2142857142857142,7.965476190476191,1.8529411764705883
45,2018-09-01,695.4,84,99,1.1785714285714286,8.278571428571428,2.0202020202020203
45,2018-10-01,718,85,102,1.2,8.447058823529412,2.0392156862745097
45,2018-11-01,809,88,113,1.2840909090909092,9.193181818181818,2.0353982300884956
45,2018-12-01,791,88,111,1.2613636363636365,8.988636363636363,2.018018018018018
45,2019-01-01,957.4,107,137,1.280373831775701,8.947663551401869,2.0291970802919708
45,2019-02-01,806,85,107,1.2588235294117647,9.48235294117647,2
45,2019-03-01,745,88,106,1.2045454545454546,8.465909090909092,2
45,2019-04-01,809.4,90,117,1.3,8.993333333333332,2
45,2019-05-01,661.2,87,106,1.2183908045977012,7.6000000000000005,1.8584905660377358
45,2019-06-01,865.8,96,119,1.2395833333333333,9.018749999999999,2.033613445378151
46,2018-07-01,253,45,48,1.0666666666666667,5.622222222222222,1.5625
46,2018-08-01,240.7,44,46,1.0454545454545454,5.470454545454545,1.4565217391304348
46,2018-09-01,233,41,43,1.048780487804878,5.682926829268292,1.6511627906976745
46,2018-10-01,275.1,47,49,1.0425531914893618,5.853191489361703,1.653061224489796
46,2018-11-01,273.1,42,44,1.0476190476190477,6.502380952380953,1.6590909090909092
46,2018-12-01,306.9,50,53,1.06,6.138,1.6037735849056605
46,2019-01-01,176.2,33,33,1,5.339393939393939,1.5454545454545454
46,2019-02-01,222.4,38,38,1,5.852631578947369,1.7894736842105263
46,2019-03-01,259.2,41,41,1,6.3219512195121945,1.7073170731707317
46,2019-04-01,260,47,49,1.0425531914893618,5.531914893617022,1.653061224489796
46,2019-05-01,243.55,38,42,1.105263157894737,6.40921052631579,1.7380952380952381
46,2019-06-01,280.3,47,49,1.0425531914893618,5.963829787234043,1.6734693877551021
47,2018-07-01,290.3,45,46,1.0222222222222221,6.4511111111111115,1.9130434782608696
47,2018-08-01,407.85,55,59,1.0727272727272728,7.415454545454546,1.7966101694915255
47,2018-09-01,439.5,60,63,1.05,7.325,1.9047619047619047
47,2018-10-01,376.7,46,52,1.1304347826086956,8.189130434782609,1.9807692307692308
47,2018-11-01,325.3,50,53,1.06,6.506,1.9056603773584906
47,2018-12-01,475,71,76,1.0704225352112675,6.690140845070423,1.9078947368421053
47,2019-01-01,389.8,57,59,1.0350877192982457,6.838596491228071,1.88135593220339
47,2019-02-01,362.5,50,51,1.02,7.25,1.9607843137254901
47,2019-03-01,308.8,44,46,1.0454545454545454,7.0181818181818185,1.891304347826087
47,2019-04-01,381.4,53,56,1.0566037735849056,7.19622641509434,1.9464285714285714
47,2019-05-01,365.2,48,50,1.0416666666666667,7.608333333333333,2
47,2019-06-01,385.6,55,59,1.0727272727272728,7.010909090909092,1.8983050847457628
48,2018-07-01,929.4,100,135,1.35,9.294,2
48,2018-08-01,851.1,98,123,1.2551020408163265,8.684693877551021,1.9268292682926829
48,2018-09-01,809.8,92,115,1.25,8.802173913043477,2.017391304347826
48,2018-10-01,879.2,89,120,1.348314606741573,9.878651685393258,2.066666666666667
48,2018-11-01,785.4,93,113,1.2150537634408602,8.44516129032258,2.0530973451327434
48,2018-12-01,917.2,92,120,1.3043478260869565,9.969565217391304,2.0166666666666666
48,2019-01-01,940.2,108,133,1.2314814814814814,8.705555555555556,2.030075187969925
48,2019-02-01,733,82,99,1.2073170731707317,8.939024390243903,2.04040404040404
48,2019-03-01,831.8,100,118,1.18,8.318,2.0338983050847457
48,2019-04-01,862.4,95,127,1.3368421052631578,9.077894736842104,2.047244094488189
48,2019-05-01,806.7,91,120,1.3186813186813187,8.864835164835165,1.925
48,2019-06-01,867.2,97,128,1.3195876288659794,8.94020618556701,2.03125
49,2018-07-01,1099.7,104,127,1.2211538461538463,10.574038461538462,1.9763779527559056
49,2018-08-01,840.7,87,96,1.103448275862069,9.663218390804598,1.9895833333333333
49,2018-09-01,1115.7,105,127,1.2095238095238094,10.625714285714286,1.984251968503937
49,2018-10-01,1098,98,123,1.2551020408163265,11.204081632653061,2.008130081300813
49,2018-11-01,1082.3,104,121,1.1634615384615385,10.40673076923077,2.0082644628099175
49,2018-12-01,1149.3,116,128,1.103448275862069,9.907758620689656,2.0078125
49,2019-01-01,1178.4,114,135,1.1842105263157894,10.336842105263159,1.962962962962963
49,2019-02-01,987.3,104,115,1.1057692307692308,9.493269230769231,2
49,2019-03-01,1261.8,124,144,1.1612903225806452,10.175806451612903,2
49,2019-04-01,1024,107,116,1.0841121495327102,9.570093457943925,1.9741379310344827
49,2019-05-01,1177.4,119,141,1.184873949579832,9.894117647058824,1.929078014184397
49,2019-06-01,1273.1,121,147,1.2148760330578512,10.521487603305784,1.9795918367346939
50,2018-07-01,314.4,53,56,1.0566037735849056,5.932075471698113,1.5357142857142858
50,2018-08-01,292.4,53,56,1.0566037735849056,5.516981132075471,1.5357142857142858
50,2018-09-01,258.8,46,50,1.0869565217391304,5.626086956521739,1.44
50,2018-10-01,252.8,46,50,1.0869565217391304,5.495652173913044,1.52
50,2018-11-01,222.1,37,38,1.027027027027027,6.0027027027027025,1.5526315789473684
50,2018-12-01,331.2,64,69,1.078125,5.175,1.434782608695652
50,2019-01-01,223.9,44,46,1.0454545454545454,5.088636363636364,1.391304347826087
50,2019-02-01,154.5,32,32,1,4.828125,1.40625
50,2019-03-01,227,42,45,1.0714285714285714,5.404761904761905,1.4
50,2019-04-01,242.4,47,49,1.0425531914893618,5.157446808510638,1.4489795918367347
50,2019-05-01,219.5,39,40,1.0256410256410255,5.628205128205129,1.525
50,2019-06-01,270.8,43,47,1.0930232558139534,6.297674418604651,1.574468085106383
51,2018-07-01,116.2,29,32,1.103448275862069,4.006896551724138,1.0625
51,2018-08-01,208.3,41,44,1.0731707317073171,5.080487804878049,1.3409090909090908
51,2018-09-01,155.8,36,39,1.0833333333333333,4.327777777777778,1.1538461538461537
51,2018-10-01,133.3,30,31,1.0333333333333334,4.443333333333333,1.1612903225806452
51,2018-11-01,174.3,43,44,1.0232558139534884,4.053488372093024,1.1363636363636365
51,2018-12-01,185,43,46,1.069767441860465,4.3023255813953485,1.1956521739130435
51,2019-01-01,165,34,36,1.0588235294117647,4.852941176470588,1.1944444444444444
51,2019-02-01,208.5,50,50,1,4.17,1.18
51,2019-03-01,151.1,38,38,1,3.9763157894736842,1.1578947368421053
51,2019-04-01,165.7,36,38,1.0555555555555556,4.602777777777778,1.1842105263157894
51,2019-05-01,210,46,50,1.0869565217391304,4.565217391304348,1.16
51,2019-06-01,132.3,27,29,1.0740740740740742,4.9,1.2413793103448276
52,2018-07-01,28.3,5,5,1,5.66,1.8
52,2018-08-01,40.3,7,7,1,5.757142857142857,1.8571428571428572
52,2018-09-01,25.799999999999997,4,4,1,6.449999999999999,1.75
52,2018-10-01,34.3,5,5,1,6.859999999999999,1.6
52,2018-11-01,35.6,7,7,1,5.085714285714286,1.8571428571428572
52,2018-12-01,47.8,6,6,1,7.966666666666666,2
52,2019-01-01,42.2,6,6,1,7.033333333333334,1.6666666666666667
52,2019-02-01,27.1,4,4,1,6.775,1.75
52,2019-03-01,42.6,7,7,1,6.085714285714286,2
52,2019-04-01,46.3,9,9,1,5.144444444444444,1.4444444444444444
52,2019-05-01,32.6,6,6,1,5.433333333333334,1.6666666666666667
52,2019-06-01,62.400000000000006,9,9,1,6.933333333333334,1.6666666666666667
53,2018-07-01,229.8,42,44,1.0476190476190477,5.4714285714285715,1.5909090909090908
53,2018-08-01,255.1,48,49,1.0208333333333333,5.314583333333333,1.530612244897959
53,2018-09-01,188,39,40,1.0256410256410255,4.82051282051282,1.475
53,2018-10-01,238.9,42,45,1.0714285714285714,5.688095238095238,1.5333333333333334
53,2018-11-01,223.8,45,46,1.0222222222222221,4.973333333333334,1.3695652173913044
53,2018-12-01,302.6,51,55,1.0784313725490196,5.933333333333334,1.490909090909091
53,2019-01-01,172.9,33,33,1,5.239393939393939,1.4848484848484849
53,2019-02-01,179.1,36,37,1.0277777777777777,4.975,1.4594594594594594
53,2019-03-01,225.8,45,45,1,5.017777777777778,1.4444444444444444
53,2019-04-01,227.8,39,41,1.0512820512820513,5.841025641025642,1.5365853658536586
53,2019-05-01,272.35,50,52,1.04,5.447,1.4423076923076923
53,2019-06-01,198.9,41,42,1.024390243902439,4.851219512195122,1.2619047619047619
54,2018-07-01,480.8,47,52,1.1063829787234043,10.229787234042554,2
54,2018-08-01,384.2,42,44,1.0476190476190477,9.147619047619047,1.9545454545454546
54,2018-09-01,497,51,55,1.0784313725490196,9.745098039215685,2
54,2018-10-01,442,51,52,1.0196078431372548,8.666666666666666,2
54,2018-11-01,504.2,58,61,1.0517241379310345,8.693103448275862,1.9836065573770492
54,2018-12-01,458.2,45,51,1.1333333333333333,10.182222222222222,2
54,2019-01-01,559,59,62,1.0508474576271187,9.474576271186441,2
54,2019-02-01,341.8,37,38,1.027027027027027,9.237837837837839,2
54,2019-03-01,458,51,52,1.0196078431372548,8.980392156862745,2
54,2019-04-01,517.4,54,59,1.0925925925925926,9.58148148148148,2
54,2019-05-01,338.55,40,43,1.075,8.463750000000001,1.7674418604651163
54,2019-06-01,389.7,43,46,1.069767441860465,9.062790697674417,1.9782608695652173
55,2018-07-01,889.6,100,124,1.24,8.896,2.064516129032258
55,2018-08-01,910.3,105,136,1.2952380952380953,8.66952380952381,1.9779411764705883
55,2018-09-01,1028.8,111,141,1.2702702702702702,9.268468468468468,2.0141843971631204
55,2018-10-01,1024.4,107,142,1.3271028037383177,9.573831775700935,2.0422535211267605
55,2018-11-01,779.8,87,111,1.2758620689655173,8.963218390804597,2.054054054054054
55,2018-12-01,834.4,96,123,1.28125,8.691666666666666,2.032520325203252
55,2019-01-01,1003.2,114,140,1.2280701754385965,8.8,2.0142857142857142
55,2019-02-01,757.8,95,109,1.1473684210526316,7.976842105263158,2.036697247706422
55,2019-03-01,943.6,104,136,1.3076923076923077,9.073076923076924,2.0294117647058822
55,2019-04-01,851.8,94,117,1.2446808510638299,9.061702127659574,2.034188034188034
55,2019-05-01,736.85,93,113,1.2150537634408602,7.923118279569893,1.8407079646017699
55,2019-06-01,999.6,105,140,1.3333333333333333,9.52,2.0285714285714285
56,2018-07-01,674.6,84,94,1.119047619047619,8.030952380952382,2
56,2018-08-01,634.5,81,101,1.2469135802469136,7.833333333333333,1.9405940594059405
56,2018-09-01,691,77,98,1.2727272727272727,8.974025974025974,2.020408163265306
56,2018-10-01,872,99,123,1.2424242424242424,8.808080808080808,2
56,2018-11-01,714,86,105,1.2209302325581395,8.30232558139535,2.019047619047619
56,2018-12-01,802.8,89,113,1.2696629213483146,9.020224719101122,2.0353982300884956
56,2019-01-01,647,73,94,1.2876712328767124,8.863013698630137,2.021276595744681
56,2019-02-01,626.6,75,87,1.16,8.354666666666667,2.0229885057471266
56,2019-03-01,699.4,82,100,1.2195121951219512,8.529268292682927,2
56,2019-04-01,762.6,85,109,1.2823529411764707,8.971764705882354,2.018348623853211
56,2019-05-01,673.65,82,97,1.1829268292682926,8.215243902439024,1.9484536082474226
56,2019-06-01,594.9,75,89,1.1866666666666668,7.9319999999999995,1.9887640449438202
57,2018-07-01,839.6,103,124,1.203883495145631,8.151456310679611,2.0161290322580645
57,2018-08-01,915.4,102,130,1.2745098039215685,8.974509803921569,1.9153846153846155
57,2018-09-01,792.8,99,116,1.1717171717171717,8.008080808080807,2.0344827586206895
57,2018-10-01,965.8,104,136,1.3076923076923077,9.286538461538461,2
57,2018-11-01,830,100,117,1.17,8.3,2
57,2018-12-01,951,104,131,1.2596153846153846,9.14423076923077,2
57,2019-01-01,852.8,87,120,1.3793103448275863,9.802298850574712,2
57,2019-02-01,919.8,108,129,1.1944444444444444,8.516666666666666,2.0155038759689923
57,2019-03-01,807.4,99,121,1.2222222222222223,8.155555555555555,2.049586776859504
57,2019-04-01,900,106,137,1.2924528301886793,8.49056603773585,2.0291970802919708
57,2019-05-01,846.7,109,130,1.1926605504587156,7.7678899082568815,1.8923076923076922
57,2019-06-01,911,104,134,1.2884615384615385,8.759615384615385,2.014925373134328
58,2018-07-01,1627.2,146,184,1.2602739726027397,11.145205479452056,2.016304347826087
58,2018-08-01,1043.75,106,126,1.1886792452830188,9.846698113207546,1.8968253968253967
58,2018-09-01,1460.8,135,164,1.2148148148148148,10.82074074074074,2.024390243902439
58,2018-10-01,1430,127,157,1.236220472440945,11.259842519685039,2.0254777070063694
58,2018-11-01,1165,113,129,1.1415929203539823,10.309734513274336,2.046511627906977
58,2018-12-01,1185.6,124,138,1.1129032258064515,9.561290322580644,1.9927536231884058
58,2019-01-01,1266.4,123,146,1.1869918699186992,10.295934959349594,2.006849315068493
58,2019-02-01,1182,118,134,1.1355932203389831,10.016949152542374,2
58,2019-03-01,1299.8,121,146,1.2066115702479339,10.742148760330577,2.0273972602739727
58,2019-04-01,1406,126,156,1.2380952380952381,11.158730158730158,2
58,2019-05-01,1060.1,108,122,1.1296296296296295,9.81574074074074,1.9918032786885247
58,2019-06-01,1124.8,104,125,1.2019230769230769,10.815384615384614,2.016
59,2018-07-01,1267.6,122,141,1.1557377049180328,10.390163934426228,1.9858156028368794
59,2018-08-01,932.5,100,113,1.13,9.325,1.8761061946902655
59,2018-09-01,1105.2,110,124,1.1272727272727272,10.047272727272727,2
59,2018-10-01,1135.8,106,132,1.2452830188679245,10.715094339622642,2.015151515151515
59,2018-11-01,974.6,98,114,1.163265306122449,9.944897959183674,2.017543859649123
59,2018-12-01,1205.5,120,136,1.1333333333333333,10.045833333333333,1.9852941176470589
59,2019-01-01,1098,109,125,1.146788990825688,10.073394495412844,1.992
59,2019-02-01,932.3,99,108,1.0909090909090908,9.417171717171717,1.9814814814814814
59,2019-03-01,1088.8,96,126,1.3125,11.341666666666667,2
59,2019-04-01,1079.8,112,124,1.1071428571428572,9.641071428571427,1.9838709677419355
59,2019-05-01,901.65,94,114,1.2127659574468086,9.592021276595744,1.8421052631578947
59,2019-06-01,1230.6,118,139,1.1779661016949152,10.428813559322034,1.9928057553956835
60,2018-07-01,1106.6,106,125,1.179245283018868,10.439622641509434,2
60,2018-08-01,1064.6,100,123,1.23,10.645999999999999,1.9593495934959348
60,2018-09-01,1028.7,95,120,1.263157894736842,10.82842105263158,1.975
60,2018-10-01,958.8,95,110,1.1578947368421053,10.092631578947367,1.981818181818182
60,2018-11-01,1169.5,112,133,1.1875,10.441964285714286,2.0150375939849625
60,2018-12-01,1282.9,116,147,1.2672413793103448,11.05948275862069,1.9931972789115646
60,2019-01-01,1075.4,102,121,1.1862745098039216,10.543137254901962,1.9917355371900827
60,2019-02-01,943.1,96,108,1.125,9.823958333333334,2.009259259259259
60,2019-03-01,1111.2,114,127,1.1140350877192982,9.747368421052633,1.984251968503937
60,2019-04-01,1172.8,109,134,1.2293577981651376,10.759633027522936,2.0074626865671643
60,2019-05-01,1116.9,112,133,1.1875,9.97232142857143,1.9097744360902256
60,2019-06-01,897.2,93,105,1.1290322580645162,9.64731182795699,2
61,2018-07-01,38.4,6,6,1,6.3999999999999995,2
61,2018-08-01,27.900000000000002,6,6,1,4.65,1.3333333333333333
61,2018-09-01,99,13,13,1,7.615384615384615,2
61,2018-10-01,56,7,7,1,8,2
61,2018-11-01,47,8,8,1,5.875,2
61,2018-12-01,27.799999999999997,4,4,1,6.949999999999999,2
61,2019-01-01,42.2,8,8,1,5.275,1.875
61,2019-02-01,47.1,9,9,1,5.233333333333333,1.8888888888888888
61,2019-03-01,72.8,11,11,1,6.618181818181818,2
61,2019-04-01,52.4,6,6,1,8.733333333333333,2
61,2019-05-01,27.5,5,6,1.2,5.5,1.8333333333333333
61,2019-06-01,24.8,4,4,1,6.2,2
62,2018-07-01,983.6,108,138,1.2777777777777777,9.107407407407408,2.0144927536231885
62,2018-08-01,792.4,96,115,1.1979166666666667,8.254166666666666,1.9739130434782608
62,2018-09-01,972.8,103,134,1.3009708737864079,9.444660194174757,2.029850746268657
62,2018-10-01,840.2,100,122,1.22,8.402000000000001,2.0163934426229506
62,2018-11-01,952.8,97,134,1.3814432989690721,9.822680412371133,2.029850746268657
62,2018-12-01,912.4,107,135,1.2616822429906542,8.527102803738318,2
62,2019-01-01,887.8,98,125,1.2755102040816326,9.059183673469388,2.032
62,2019-02-01,864.4,101,123,1.2178217821782178,8.558415841584159,2.016260162601626
62,2019-03-01,889.8,103,128,1.2427184466019416,8.63883495145631,2.015625
62,2019-04-01,885.2,103,126,1.2233009708737863,8.594174757281554,2
62,2019-05-01,754.9,94,114,1.2127659574468086,8.030851063829788,1.9210526315789473
62,2019-06-01,846.8,96,120,1.25,8.820833333333333,2
63,2018-07-01,1053.2,113,141,1.247787610619469,9.320353982300885,2.0141843971631204
63,2018-08-01,986.6,111,144,1.2972972972972974,8.888288288288289,1.9444444444444444
63,2018-09-01,972.6,111,136,1.2252252252252251,8.762162162162163,2.0294117647058822
63,2018-10-01,908,100,130,1.3,9.08,2
63,2018-11-01,950.4,111,140,1.2612612612612613,8.562162162162162,2
63,2018-12-01,992.8,115,141,1.2260869565217392,8.63304347826087,2.028368794326241
63,2019-01-01,1019.8,113,148,1.3097345132743363,9.024778761061947,2
63,2019-02-01,781.2,89,110,1.2359550561797752,8.77752808988764,2
63,2019-03-01,1125.2,121,157,1.2975206611570247,9.299173553719008,2
63,2019-04-01,1029,121,148,1.2231404958677685,8.50413223140496,2.0135135135135136
63,2019-05-01,1151,133,175,1.3157894736842106,8.654135338345865,1.937142857142857
63,2019-06-01,1115.2,118,161,1.3644067796610169,9.45084745762712,2.0248447204968945
64,2018-07-01,515.4,54,58,1.0740740740740742,9.544444444444444,2
64,2018-08-01,374.3,42,45,1.0714285714285714,8.911904761904761,1.9111111111111112
64,2018-09-01,419.4,44,46,1.0454545454545454,9.531818181818181,2
64,2018-10-01,482.6,50,54,1.08,9.652000000000001,2
64,2018-11-01,389.6,39,43,1.1025641025641026,9.98974358974359,2
64,2018-12-01,363.40000000000003,39,41,1.0512820512820513,9.317948717948719,2
64,2019-01-01,358.8,37,40,1.0810810810810811,9.697297297297297,2
64,2019-02-01,339.6,39,40,1.0256410256410255,8.707692307692309,2
64,2019-03-01,473.6,50,55,1.1,9.472000000000001,2
64,2019-04-01,401.6,44,45,1.0227272727272727,9.127272727272727,1.9777777777777779
64,2019-05-01,425.3,49,53,1.0816326530612246,8.679591836734694,1.849056603773585
64,2019-06-01,351,39,40,1.0256410256410255,9,2
65,2018-07-01,1013.4,103,114,1.1067961165048543,9.83883495145631,1.9736842105263157
65,2018-08-01,965,100,117,1.17,9.65,1.8803418803418803
65,2018-09-01,952.7,93,112,1.2043010752688172,10.244086021505376,1.9285714285714286
65,2018-10-01,1113.8,108,129,1.1944444444444444,10.312962962962963,1.930232558139535
65,2018-11-01,1111.8,108,129,1.1944444444444444,10.294444444444444,1.9689922480620154
65,2018-12-01,1274.4,124,146,1.1774193548387097,10.27741935483871,1.9657534246575343
65,2019-01-01,1171.3,114,133,1.1666666666666667,10.274561403508772,1.9849624060150375
65,2019-02-01,1234.7,116,142,1.2241379310344827,10.64396551724138,1.971830985915493
65,2019-03-01,1117,112,132,1.1785714285714286,9.973214285714286,1.9696969696969697
65,2019-04-01,933,95,107,1.1263157894736842,9.821052631578947,1.9439252336448598
65,2019-05-01,1066.55,105,128,1.2190476190476192,10.157619047619047,1.84375
65,2019-06-01,1061.4,109,122,1.1192660550458715,9.737614678899083,1.9508196721311475
66,2018-07-01,371.6,43,44,1.0232558139534884,8.64186046511628,1.9318181818181819
66,2018-08-01,484.8,51,56,1.0980392156862746,9.505882352941176,1.9642857142857142
66,2018-09-01,484.6,48,55,1.1458333333333333,10.095833333333333,2
66,2018-10-01,386.6,42,43,1.0238095238095237,9.204761904761906,2
66,2018-11-01,299,35,35,1,8.542857142857143,2
66,2018-12-01,443.2,43,49,1.1395348837209303,10.306976744186047,1.9795918367346939
66,2019-01-01,482,50,55,1.1,9.64,1.981818181818182
66,2019-02-01,333.2,34,37,1.088235294117647,9.799999999999999,2
66,2019-03-01,519.5,53,60,1.1320754716981132,9.80188679245283,1.9833333333333334
66,2019-04-01,529.7,56,62,1.1071428571428572,9.458928571428572,1.967741935483871
66,2019-05-01,386,45,47,1.0444444444444445,8.577777777777778,1.872340425531915
66,2019-06-01,421.8,45,47,1.0444444444444445,9.373333333333333,2
67,2018-07-01,859.4,98,121,1.2346938775510203,8.769387755102041,2
67,2018-08-01,902.9,105,134,1.276190476190476,8.599047619047619,1.9104477611940298
67,2018-09-01,810.4,98,113,1.153061224489796,8.269387755102041,2.0530973451327434
67,2018-10-01,944.8,110,129,1.1727272727272726,8.589090909090908,2.0155038759689923
67,2018-11-01,781.6,92,113,1.2282608695652173,8.495652173913044,2.0530973451327434
67,2018-12-01,778.4,91,109,1.1978021978021978,8.553846153846154,2
67,2019-01-01,912.8,111,133,1.1981981981981982,8.223423423423423,2.0150375939849625
67,2019-02-01,734.6,86,101,1.1744186046511629,8.54186046511628,2.0396039603960396
67,2019-03-01,890.4,94,126,1.3404255319148937,9.472340425531915,2.0793650793650795
67,2019-04-01,921.4,101,132,1.306930693069307,9.122772277227723,2
67,2019-05-01,884.1,111,136,1.2252252252252251,7.9648648648648654,1.8455882352941178
67,2019-06-01,905.2,103,123,1.1941747572815533,8.788349514563107,2.016260162601626
68,2018-07-01,313.1,38,39,1.0263157894736843,8.239473684210527,1.8461538461538463
68,2018-08-01,303.7,38,41,1.0789473684210527,7.992105263157894,1.6341463414634145
68,2018-09-01,286.3,30,33,1.1,9.543333333333333,2
68,2018-10-01,289.7,32,35,1.09375,9.053125,1.8857142857142857
68,2018-11-01,386.8,43,47,1.0930232558139534,8.995348837209303,1.9574468085106382
68,2018-12-01,389.7,43,46,1.069767441860465,9.062790697674417,1.934782608695652
68,2019-01-01,380.8,43,46,1.069767441860465,8.855813953488372,1.891304347826087
68,2019-02-01,356.3,39,42,1.0769230769230769,9.135897435897435,1.9047619047619047
68,2019-03-01,359.6,34,39,1.1470588235294117,10.576470588235296,2
68,2019-04-01,273.4,32,34,1.0625,8.54375,1.8529411764705883
68,2019-05-01,386.6,40,41,1.025,9.665000000000001,1.975609756097561
68,2019-06-01,201.5,22,23,1.0454545454545454,9.159090909090908,1.826086956521739
69,2018-07-01,956.6,116,141,1.2155172413793103,8.246551724137932,2.0141843971631204
69,2018-08-01,983.85,118,154,1.305084745762712,8.33771186440678,1.844155844155844
69,2018-09-01,950.4,106,132,1.2452830188679245,8.966037735849056,2
69,2018-10-01,844.4,96,123,1.28125,8.795833333333333,2
69,2018-11-01,1130.2,123,160,1.3008130081300813,9.188617886178863,2
69,2018-12-01,942.6,106,132,1.2452830188679245,8.89245283018868,2
69,2019-01-01,849.2,102,124,1.2156862745098038,8.325490196078432,2.0161290322580645
69,2019-02-01,914.8,107,128,1.1962616822429906,8.549532710280374,2.03125
69,2019-03-01,932.4,104,132,1.2692307692307692,8.965384615384615,2.0303030303030303
69,2019-04-01,815.8,96,112,1.1666666666666667,8.497916666666667,2.017857142857143
69,2019-05-01,913.8,105,138,1.3142857142857143,8.702857142857143,1.963768115942029
69,2019-06-01,1054.8,112,148,1.3214285714285714,9.417857142857143,2
70,2018-07-01,920.2,111,137,1.2342342342342343,8.290090090090091,2
70,2018-08-01,860.8,95,130,1.368421052631579,9.061052631578947,1.9
70,2018-09-01,888.2,101,127,1.2574257425742574,8.794059405940594,2.031496062992126
70,2018-10-01,789.6,94,114,1.2127659574468086,8.4,2.0350877192982457
70,2018-11-01,787.2,84,109,1.2976190476190477,9.371428571428572,2.018348623853211
70,2018-12-01,699.6,83,100,1.2048192771084338,8.428915662650603,2.02
70,2019-01-01,891.8,95,130,1.368421052631579,9.387368421052631,2.0153846153846153
70,2019-02-01,710.6,89,102,1.146067415730337,7.984269662921348,2
70,2019-03-01,763.2,84,102,1.2142857142857142,9.085714285714285,2.0392156862745097
70,2019-04-01,790.4,89,110,1.2359550561797752,8.880898876404494,2.018181818181818
70,2019-05-01,718.4,87,105,1.206896551724138,8.257471264367815,1.9428571428571428
70,2019-06-01,663,78,98,1.2564102564102564,8.5,2.0408163265306123
71,2018-07-01,1098.6,114,154,1.3508771929824561,9.636842105263158,2.0259740259740258
71,2018-08-01,972.1,107,143,1.3364485981308412,9.085046728971962,1.9090909090909092
71,2018-09-01,879.8,99,124,1.2525252525252526,8.886868686868686,2.0161290322580645
71,2018-10-01,861.2,100,125,1.25,8.612,2.016
71,2018-11-01,960.2,97,134,1.3814432989690721,9.898969072164949,2.029850746268657
71,2018-12-01,950.6,107,139,1.2990654205607477,8.88411214953271,2
71,2019-01-01,904,103,133,1.2912621359223302,8.776699029126213,2.0150375939849625
71,2019-02-01,1041,113,149,1.3185840707964602,9.212389380530974,2.0134228187919465
71,2019-03-01,1080,118,147,1.2457627118644068,9.152542372881356,2.0136054421768708
71,2019-04-01,980,115,141,1.2260869565217392,8.521739130434783,2.0141843971631204
71,2019-05-01,900.5,111,137,1.2342342342342343,8.112612612612613,1.9197080291970803
71,2019-06-01,922.8,104,134,1.2884615384615385,8.873076923076923,2.029850746268657
72,2018-07-01,1323.6,118,145,1.228813559322034,11.216949152542371,2.027586206896552
72,2018-08-01,1243.7,120,148,1.2333333333333334,10.364166666666668,1.912162162162162
72,2018-09-01,1172.6,111,135,1.2162162162162162,10.563963963963964,2.0074074074074075
72,2018-10-01,1224.6,117,138,1.1794871794871795,10.466666666666665,2.0144927536231885
72,2018-11-01,1089.6,106,121,1.1415094339622642,10.279245283018867,2.0165289256198347
72,2018-12-01,1169,116,133,1.146551724137931,10.077586206896552,2.0150375939849625
72,2019-01-01,1295.4,113,146,1.2920353982300885,11.463716814159293,2.0273972602739727
72,2019-02-01,1120,113,130,1.1504424778761062,9.91150442477876,2
72,2019-03-01,1253.4,125,140,1.12,10.0272,2
72,2019-04-01,1025.4,102,116,1.1372549019607843,10.05294117647059,2.0344827586206895
72,2019-05-01,1071.9,105,128,1.2190476190476192,10.20857142857143,1.8984375
72,2019-06-01,1215.2,119,136,1.1428571428571428,10.211764705882354,2
73,2018-07-01,361.5,53,56,1.0566037735849056,6.820754716981132,1.8392857142857142
73,2018-08-01,310.6,46,47,1.0217391304347827,6.752173913043479,1.8297872340425532
73,2018-09-01,332,44,45,1.0227272727272727,7.545454545454546,1.8
73,2018-10-01,358.5,54,58,1.0740740740740742,6.638888888888889,1.8103448275862069
73,2018-11-01,252.5,40,40,1,6.3125,1.875
73,2018-12-01,332.3,46,49,1.065217391304348,7.2239130434782615,1.8775510204081634
73,2019-01-01,330.1,50,51,1.02,6.602,1.8823529411764706
73,2019-02-01,323.1,48,49,1.0208333333333333,6.73125,1.9183673469387754
73,2019-03-01,299.2,46,47,1.0217391304347827,6.504347826086956,1.8085106382978724
73,2019-04-01,367,56,57,1.0178571428571428,6.553571428571429,1.894736842105263
73,2019-05-01,314.6,42,45,1.0714285714285714,7.490476190476191,1.8444444444444446
73,2019-06-01,322.8,48,51,1.0625,6.7250000000000005,1.8431372549019607
74,2018-07-01,206,42,45,1.0714285714285714,4.904761904761905,1.3333333333333333
74,2018-08-01,135.9,31,32,1.032258064516129,4.383870967741935,1.125
74,2018-09-01,180.2,40,42,1.05,4.505,1.2857142857142858
74,2018-10-01,214.8,45,48,1.0666666666666667,4.773333333333333,1.2708333333333333
74,2018-11-01,140.8,34,34,1,4.141176470588236,1.2352941176470589
74,2018-12-01,200.2,43,44,1.0232558139534884,4.655813953488372,1.2727272727272727
74,2019-01-01,179.8,38,39,1.0263157894736843,4.731578947368422,1.2820512820512822
74,2019-02-01,202.1,45,45,1,4.491111111111111,1.2444444444444445
74,2019-03-01,171.4,37,39,1.054054054054054,4.632432432432433,1.2564102564102564
74,2019-04-01,169,34,35,1.0294117647058822,4.970588235294118,1.4
74,2019-05-01,209,37,38,1.027027027027027,5.648648648648648,1.5263157894736843
74,2019-06-01,235.7,50,54,1.08,4.7139999999999995,1.2407407407407407
75,2018-07-01,1092.5,99,125,1.2626262626262625,11.035353535353535,1.992
75,2018-08-01,1070.4,110,131,1.190909090909091,9.730909090909092,1.8396946564885497
75,2018-09-01,1151.6,105,129,1.2285714285714286,10.967619047619047,2.007751937984496
75,2018-10-01,1255.6,124,145,1.1693548387096775,10.125806451612902,1.986206896551724
75,2018-11-01,1147.2,105,124,1.180952380952381,10.925714285714285,2.0403225806451615
75,2018-12-01,1077.6,101,120,1.188118811881188,10.669306930693068,2.0166666666666666
75,2019-01-01,1168.6,107,131,1.2242990654205608,10.921495327102804,2
75,2019-02-01,1007.4,95,112,1.1789473684210525,10.60421052631579,2
75,2019-03-01,901.6,94,107,1.1382978723404256,9.591489361702127,1.9813084112149533
75,2019-04-01,1149.5,106,130,1.2264150943396226,10.84433962264151,1.9923076923076923
75,2019-05-01,1027.4,101,119,1.1782178217821782,10.172277227722773,1.9411764705882353
75,2019-06-01,1040.2,102,119,1.1666666666666667,10.198039215686276,2.0168067226890756
76,2018-10-01,6,1,1,1,6,2
77,2018-07-01,296.8,51,55,1.0784313725490196,5.8196078431372555,1.5272727272727273
77,2018-08-01,255.5,47,48,1.0212765957446808,5.4361702127659575,1.5416666666666667
77,2018-09-01,225.2,42,44,1.0476190476190477,5.3619047619047615,1.5909090909090908
77,2018-10-01,204.5,37,38,1.027027027027027,5.527027027027027,1.368421052631579
77,2018-11-01,245.3,41,44,1.0731707317073171,5.982926829268293,1.5227272727272727
77,2018-12-01,267.3,46,48,1.0434782608695652,5.810869565217391,1.5
77,2019-01-01,204.4,35,39,1.1142857142857143,5.84,1.6666666666666667
77,2019-02-01,235,45,45,1,5.222222222222222,1.6444444444444444
77,2019-03-01,278.5,50,55,1.1,5.57,1.490909090909091
77,2019-04-01,263.5,47,48,1.0212765957446808,5.6063829787234045,1.625
77,2019-05-01,299.3,55,56,1.018181818181818,5.441818181818182,1.5
77,2019-06-01,264.7,41,42,1.024390243902439,6.45609756097561,1.6666666666666667
78,2018-07-01,810.8,91,115,1.2637362637362637,8.90989010989011,2.034782608695652
78,2018-08-01,786.8,91,116,1.2747252747252746,8.646153846153846,1.9224137931034482
78,2018-09-01,827.2,101,118,1.1683168316831682,8.19009900990099,2
78,2018-10-01,839.4,96,125,1.3020833333333333,8.74375,2
78,2018-11-01,753.4,90,112,1.2444444444444445,8.37111111111111,2
78,2018-12-01,692.2,79,99,1.2531645569620253,8.762025316455697,2
78,2019-01-01,756.6,89,110,1.2359550561797752,8.501123595505618,2
78,2019-02-01,731.6,86,102,1.186046511627907,8.506976744186046,2
78,2019-03-01,793.2,95,114,1.2,8.349473684210526,2.017543859649123
78,2019-04-01,710.6,80,103,1.2875,8.8825,2
78,2019-05-01,877.45,99,128,1.292929292929293,8.863131313131314,1.96875
78,2019-06-01,802,97,116,1.1958762886597938,8.268041237113403,2
79,2018-07-01,1080.1,110,125,1.1363636363636365,9.819090909090908,1.944
79,2018-08-01,924.05,101,119,1.1782178217821782,9.149009900990098,1.8067226890756303
79,2018-09-01,1124.8,115,134,1.1652173913043478,9.78086956521739,1.9477611940298507
79,2018-10-01,986.9,103,112,1.087378640776699,9.581553398058253,1.9642857142857142
79,2018-11-01,1062.7,104,128,1.2307692307692308,10.21826923076923,1.8984375
79,2018-12-01,970.1,102,112,1.0980392156862746,9.510784313725491,1.9732142857142858
79,2019-01-01,994.5,105,117,1.1142857142857143,9.471428571428572,1.9230769230769231
79,2019-02-01,994.8,97,116,1.1958762886597938,10.255670103092783,1.9224137931034482
79,2019-03-01,895.4,93,106,1.1397849462365592,9.627956989247311,1.9339622641509433
79,2019-04-01,1007.3,102,117,1.1470588235294117,9.875490196078431,1.9145299145299146
79,2019-05-01,927.75,101,111,1.099009900990099,9.185643564356436,1.8738738738738738
79,2019-06-01,862.8000000000001,87,99,1.1379310344827587,9.917241379310346,1.9090909090909092
80,2018-07-01,1029.9,104,124,1.1923076923076923,9.902884615384616,1.9112903225806452
80,2018-08-01,952.8,103,120,1.1650485436893203,9.250485436893204,1.8083333333333333
80,2018-09-01,1050.9,106,125,1.179245283018868,9.914150943396228,1.912
80,2018-10-01,1100,119,132,1.1092436974789917,9.243697478991596,1.871212121212121
80,2018-11-01,851.6,82,96,1.170731707317073,10.385365853658536,1.9583333333333333
80,2018-12-01,934.4,102,111,1.088235294117647,9.16078431372549,1.8918918918918919
80,2019-01-01,1033.8,113,126,1.1150442477876106,9.148672566371681,1.8650793650793651
80,2019-02-01,924.6,94,109,1.1595744680851063,9.836170212765957,1.8807339449541285
80,2019-03-01,978.3,107,117,1.0934579439252337,9.142990654205606,1.8632478632478633
80,2019-04-01,953.9,96,113,1.1770833333333333,9.936458333333333,1.8849557522123894
80,2019-05-01,894.3000000000001,95,111,1.168421052631579,9.413684210526316,1.7927927927927927
80,2019-06-01,1052.4,116,127,1.0948275862068966,9.072413793103449,1.9133858267716535
81,2018-07-01,1235.9,117,143,1.2222222222222223,10.563247863247865,1.979020979020979
81,2018-08-01,1073.3,110,132,1.2,9.757272727272726,1.856060606060606
81,2018-09-01,1357.6,129,152,1.178294573643411,10.524031007751937,1.986842105263158
81,2018-10-01,1014.6,104,117,1.125,9.75576923076923,1.9743589743589745
81,2018-11-01,1052.3,101,119,1.1782178217821782,10.418811881188118,2.008403361344538
81,2018-12-01,1360,127,156,1.2283464566929134,10.708661417322835,2
81,2019-01-01,1166.6,110,130,1.1818181818181819,10.605454545454545,2.0153846153846153
81,2019-02-01,1151.9,108,127,1.1759259259259258,10.665740740740741,1.9921259842519685
81,2019-03-01,1273.5,115,144,1.2521739130434784,11.07391304347826,1.9791666666666667
81,2019-04-01,1172.5,110,132,1.2,10.659090909090908,2.015151515151515
81,2019-05-01,1152.05,119,135,1.134453781512605,9.68109243697479,1.9037037037037037
81,2019-06-01,1351.7,122,151,1.2377049180327868,11.079508196721312,2.019867549668874
82,2018-07-01,348.5,46,50,1.0869565217391304,7.576086956521739,1.94
82,2018-08-01,326.7,43,48,1.1162790697674418,7.597674418604651,1.8958333333333333
82,2018-09-01,332.1,44,46,1.0454545454545454,7.547727272727273,1.9782608695652173
82,2018-10-01,290.5,41,43,1.048780487804878,7.085365853658536,1.9534883720930232
82,2018-11-01,326.5,49,51,1.0408163265306123,6.663265306122449,1.9607843137254901
82,2018-12-01,306.5,42,43,1.0238095238095237,7.2976190476190474,1.9767441860465116
82,2019-01-01,359.1,49,53,1.0816326530612246,7.328571428571429,1.9245283018867925
82,2019-02-01,276.5,44,44,1,6.284090909090909,1.8636363636363635
82,2019-03-01,398,52,58,1.1153846153846154,7.653846153846154,1.9655172413793103
82,2019-04-01,323,51,51,1,6.333333333333333,1.9607843137254901
82,2019-05-01,414.5,52,56,1.0769230769230769,7.971153846153846,1.8928571428571428
82,2019-06-01,401.6,51,55,1.0784313725490196,7.874509803921569,1.9636363636363636
83,2018-07-01,792.4,95,115,1.2105263157894737,8.341052631578947,2.034782608695652
83,2018-08-01,799.8,100,120,1.2,7.997999999999999,1.8916666666666666
83,2018-09-01,826.4,88,114,1.2954545454545454,9.39090909090909,2
83,2018-10-01,759.8,85,117,1.3764705882352941,8.938823529411764,2.017094017094017
83,2018-11-01,802.4,93,109,1.1720430107526882,8.627956989247311,2.073394495412844
83,2018-12-01,912,108,136,1.2592592592592593,8.444444444444445,2.014705882352941
83,2019-01-01,847,96,126,1.3125,8.822916666666666,2.015873015873016
83,2019-02-01,765.6,88,105,1.1931818181818181,8.700000000000001,2
83,2019-03-01,817.8,96,117,1.21875,8.518749999999999,2.017094017094017
83,2019-04-01,840,94,118,1.2553191489361701,8.936170212765957,2.0338983050847457
83,2019-05-01,819.5,90,118,1.3111111111111111,9.105555555555556,1.9830508474576272
83,2019-06-01,942.2,99,128,1.292929292929293,9.517171717171717,2.015625
84,2018-07-01,511.40000000000003,55,59,1.0727272727272728,9.298181818181819,2
84,2018-08-01,449.1,54,54,1,8.316666666666666,1.8703703703703705
84,2018-09-01,416.2,46,46,1,9.04782608695652,2
84,2018-10-01,473.6,49,53,1.0816326530612246,9.66530612244898,2
84,2018-11-01,448.8,48,50,1.0416666666666667,9.35,2
84,2018-12-01,506.8,53,58,1.0943396226415094,9.562264150943397,2
84,2019-01-01,432.6,46,50,1.0869565217391304,9.404347826086957,2
84,2019-02-01,365.6,39,42,1.0769230769230769,9.374358974358975,2.0476190476190474
84,2019-03-01,352.8,39,40,1.0256410256410255,9.046153846153846,2
84,2019-04-01,434.8,45,50,1.1111111111111112,9.662222222222223,2
84,2019-05-01,530.2,56,60,1.0714285714285714,9.467857142857143,1.95
84,2019-06-01,474.4,46,52,1.1304347826086956,10.31304347826087,2
85,2018-07-01,13.9,3,3,1,4.633333333333334,1.6666666666666667
86,2018-07-01,892.2,99,126,1.2727272727272727,9.012121212121212,1.992063492063492
86,2018-08-01,764.05,94,110,1.1702127659574468,8.128191489361702,1.9545454545454546
86,2018-09-01,914.6,103,128,1.2427184466019416,8.879611650485437,2.015625
86,2018-10-01,948.4,109,138,1.2660550458715596,8.70091743119266,2
86,2018-11-01,918,100,125,1.25,9.18,2.032
86,2018-12-01,841.2,98,120,1.2244897959183674,8.583673469387756,2
86,2019-01-01,841.4,94,129,1.372340425531915,8.951063829787234,2.0155038759689923
86,2019-02-01,913.2,107,138,1.2897196261682242,8.534579439252337,2.0072463768115942
86,2019-03-01,1026.8,115,140,1.2173913043478262,8.928695652173912,2.0285714285714285
86,2019-04-01,848.2,105,126,1.2,8.078095238095239,2.015873015873016
86,2019-05-01,889.3,104,128,1.2307692307692308,8.550961538461538,2.0234375
86,2019-06-01,838,98,118,1.2040816326530612,8.551020408163266,2.016949152542373
87,2018-07-01,315,39,40,1.0256410256410255,8.076923076923077,1.75
87,2018-08-01,301.2,37,39,1.054054054054054,8.14054054054054,1.7692307692307692
87,2018-09-01,314.6,41,42,1.024390243902439,7.673170731707318,1.6666666666666667
87,2018-10-01,386,46,50,1.0869565217391304,8.391304347826088,1.74
87,2018-11-01,280,39,41,1.0512820512820513,7.17948717948718,1.6097560975609757
87,2018-12-01,430.1,52,55,1.0576923076923077,8.271153846153847,1.709090909090909
87,2019-01-01,358.6,44,47,1.0681818181818181,8.15,1.7446808510638299
87,2019-02-01,294.2,37,40,1.0810810810810811,7.951351351351351,1.65
87,2019-03-01,327.7,37,41,1.1081081081081081,8.856756756756756,1.7804878048780488
87,2019-04-01,297,33,37,1.121212121212121,9,1.7297297297297298
87,2019-05-01,343.1,48,49,1.0208333333333333,7.147916666666667,1.6122448979591837
87,2019-06-01,344.1,43,45,1.0465116279069768,8.002325581395349,1.8222222222222222
88,2018-07-01,1310,129,153,1.186046511627907,10.155038759689923,2
88,2018-08-01,1323.8,131,158,1.2061068702290076,10.105343511450382,1.9177215189873418
88,2018-09-01,1423,124,157,1.2661290322580645,11.475806451612904,2.0254777070063694
88,2018-10-01,1352.4,123,155,1.2601626016260163,10.995121951219513,2.0387096774193547
88,2018-11-01,1382.8,130,156,1.2,10.636923076923077,2.0128205128205128
88,2018-12-01,1325.2,126,148,1.1746031746031746,10.517460317460317,2.0135135135135136
88,2019-01-01,1266.4,117,144,1.2307692307692308,10.823931623931625,2.0277777777777777
88,2019-02-01,1370.2,124,153,1.2338709677419355,11.05,2.0130718954248366
88,2019-03-01,1477.2,134,169,1.2611940298507462,11.023880597014927,2.0118343195266273
88,2019-04-01,1439.4,128,162,1.265625,11.2453125,2
88,2019-05-01,1308.25,128,154,1.203125,10.220703125,1.9415584415584415
88,2019-06-01,1354.6,121,148,1.2231404958677685,11.195041322314049,2.027027027027027
89,2018-07-01,219.8,49,50,1.0204081632653061,4.485714285714286,1.22
89,2018-08-01,185.5,45,47,1.0444444444444445,4.122222222222222,1.1702127659574468
89,2018-09-01,188.8,41,43,1.048780487804878,4.604878048780488,1.255813953488372
89,2018-10-01,260.8,56,58,1.0357142857142858,4.6571428571428575,1.3793103448275863
89,2018-11-01,191.3,43,45,1.0465116279069768,4.448837209302326,1.3111111111111111
89,2018-12-01,126.8,30,32,1.0666666666666667,4.226666666666667,1.21875
89,2019-01-01,213.3,46,49,1.065217391304348,4.636956521739131,1.2653061224489797
89,2019-02-01,151.1,33,35,1.0606060606060606,4.578787878787878,1.2285714285714286
89,2019-03-01,255.7,56,59,1.0535714285714286,4.566071428571428,1.305084745762712
89,2019-04-01,169.7,38,41,1.0789473684210527,4.46578947368421,1.146341463414634
89,2019-05-01,242.7,49,52,1.0612244897959184,4.953061224489796,1.3269230769230769
89,2019-06-01,184.6,41,44,1.0731707317073171,4.5024390243902435,1.2045454545454546
90,2018-07-01,235.4,41,41,1,5.741463414634146,1.6097560975609757
90,2018-08-01,224.5,38,39,1.0263157894736843,5.907894736842105,1.641025641025641
90,2018-09-01,162.4,28,28,1,5.8,1.75
90,2018-10-01,319.4,54,56,1.037037037037037,5.9148148148148145,1.5714285714285714
90,2018-11-01,226.2,35,38,1.0857142857142856,6.462857142857143,1.736842105263158
90,2018-12-01,262.7,45,50,1.1111111111111112,5.837777777777777,1.66
90,2019-01-01,305.8,50,53,1.06,6.1160000000000005,1.6415094339622642
90,2019-02-01,253.20000000000002,43,45,1.0465116279069768,5.888372093023256,1.6222222222222222
90,2019-03-01,336.6,57,60,1.0526315789473684,5.905263157894737,1.5666666666666667
90,2019-04-01,243.4,40,44,1.1,6.085,1.5454545454545454
90,2019-05-01,307.7,49,52,1.0612244897959184,6.279591836734694,1.7884615384615385
90,2019-06-01,285.8,43,48,1.1162790697674418,6.646511627906977,1.5625
91,2018-07-01,827.7,85,98,1.1529411764705881,9.73764705882353,1.9285714285714286
91,2018-08-01,916.1,93,106,1.1397849462365592,9.850537634408603,1.9433962264150944
91,2018-09-01,1000.1,99,113,1.1414141414141414,10.102020202020203,1.9823008849557522
91,2018-10-01,851.8,87,100,1.1494252873563218,9.790804597701149,1.93
91,2018-11-01,911.2,97,109,1.1237113402061856,9.393814432989691,1.9174311926605505
91,2018-12-01,866.8,89,97,1.0898876404494382,9.739325842696628,1.9484536082474226
91,2019-01-01,856.3,90,101,1.1222222222222222,9.514444444444443,1.9306930693069306
91,2019-02-01,914.7,84,99,1.1785714285714286,10.889285714285714,1.9898989898989898
91,2019-03-01,913.8,94,108,1.148936170212766,9.72127659574468,1.9166666666666667
91,2019-04-01,907.7,89,107,1.202247191011236,10.198876404494383,1.9158878504672898
91,2019-05-01,1083.2,110,129,1.1727272727272726,9.847272727272728,1.8837209302325582
91,2019-06-01,972.5,100,115,1.15,9.725,1.9130434782608696
92,2019-03-01,9.2,1,1,1,9.2,2
93,2018-07-01,1080.4,114,147,1.2894736842105263,9.477192982456142,2.0272108843537415
93,2018-08-01,998.1,112,149,1.3303571428571428,8.911607142857143,1.9261744966442953
93,2018-09-01,1161.8,130,169,1.3,8.936923076923076,2.0118343195266273
93,2018-10-01,1038,114,148,1.2982456140350878,9.105263157894736,2.0135135135135136
93,2018-11-01,944.2,102,137,1.3431372549019607,9.25686274509804,2.0145985401459856
93,2018-12-01,1207,126,167,1.3253968253968254,9.579365079365079,2.0119760479041915
93,2019-01-01,999,107,138,1.2897196261682242,9.336448598130842,2.0434782608695654
93,2019-02-01,995,104,137,1.3173076923076923,9.567307692307692,2.0145985401459856
93,2019-03-01,1039,113,145,1.2831858407079646,9.194690265486726,2
93,2019-04-01,1095.6,129,155,1.2015503875968991,8.493023255813952,2.0129032258064514
93,2019-05-01,1093.5,122,162,1.3278688524590163,8.96311475409836,1.9506172839506173
93,2019-06-01,1162.2,121,164,1.3553719008264462,9.60495867768595,2
94,2018-07-01,940,108,135,1.25,8.703703703703704,2
94,2018-08-01,1162.25,118,159,1.347457627118644,9.849576271186441,1.9811320754716981
94,2018-09-01,966.8,107,139,1.2990654205607477,9.035514018691588,2.014388489208633
94,2018-10-01,1039,107,142,1.3271028037383177,9.710280373831775,2
94,2018-11-01,988.9,106,141,1.330188679245283,9.329245283018867,2.021276595744681
94,2018-12-01,881.4,101,124,1.2277227722772277,8.726732673267326,2
94,2019-01-01,993.6,109,141,1.2935779816513762,9.11559633027523,2.0141843971631204
94,2019-02-01,873.4,99,123,1.2424242424242424,8.822222222222223,2.032520325203252
94,2019-03-01,998.4,118,144,1.2203389830508475,8.461016949152542,2.013888888888889
94,2019-04-01,902.6,97,131,1.3505154639175259,9.305154639175258,2
94,2019-05-01,931.9,105,141,1.3428571428571427,8.875238095238094,2.00709219858156
94,2019-06-01,796.4,96,110,1.1458333333333333,8.295833333333333,2.0545454545454547
95,2018-07-01,1053.4,100,119,1.19,10.534,2.008403361344538
95,2018-08-01,1277.45,129,150,1.1627906976744187,9.902713178294574,1.9333333333333333
95,2018-09-01,1119.2,107,123,1.1495327102803738,10.45981308411215,2.032520325203252
95,2018-10-01,1216.2,121,136,1.1239669421487604,10.051239669421488,1.9926470588235294
95,2018-11-01,1144.6,114,130,1.1403508771929824,10.040350877192981,2.0076923076923077
95,2018-12-01,1099.2,110,125,1.1363636363636365,9.992727272727274,2
95,2019-01-01,1106.9,109,125,1.146788990825688,10.155045871559635,2.016
95,2019-02-01,1083.2,110,126,1.1454545454545455,9.847272727272728,1.9841269841269842
95,2019-03-01,1295.1,119,152,1.2773109243697478,10.883193277310923,2.013157894736842
95,2019-04-01,1164,117,135,1.1538461538461537,9.948717948717949,2
95,2019-05-01,1193.55,119,141,1.184873949579832,10.029831932773108,1.9148936170212767
95,2019-06-01,1162.7,116,133,1.146551724137931,10.023275862068965,1.9924812030075187
96,2018-07-01,357.4,41,41,1,8.717073170731707,2
96,2018-08-01,394,40,43,1.075,9.85,2.0232558139534884
96,2018-09-01,365.40000000000003,38,40,1.0526315789473684,9.615789473684211,2
96,2018-10-01,276.4,31,31,1,8.916129032258064,2
96,2018-11-01,375.8,40,42,1.05,9.395,2
96,2018-12-01,506.2,54,56,1.037037037037037,9.374074074074073,2
96,2019-01-01,435.2,45,49,1.0888888888888888,9.671111111111111,2
96,2019-02-01,351.4,38,41,1.0789473684210527,9.24736842105263,2
96,2019-03-01,367.6,39,41,1.0512820512820513,9.425641025641026,2
96,2019-04-01,408.4,42,47,1.119047619047619,9.723809523809523,1.9787234042553192
96,2019-05-01,278.9,30,32,1.0666666666666667,9.296666666666665,1.96875
96,2019-06-01,270,31,31,1,8.709677419354838,2
97,2018-07-01,848.2,87,116,1.3333333333333333,9.749425287356322,2
97,2018-08-01,917.35,116,145,1.25,7.908189655172414,1.9172413793103449
97,2018-09-01,908.8,95,128,1.3473684210526315,9.566315789473684,2
97,2018-10-01,993.2,105,140,1.3333333333333333,9.45904761904762,2
97,2018-11-01,853.4,101,129,1.2772277227722773,8.449504950495049,2
97,2018-12-01,899.4,105,124,1.180952380952381,8.565714285714286,2.0483870967741935
97,2019-01-01,844.6,99,121,1.2222222222222223,8.531313131313132,2.0330578512396693
97,2019-02-01,755.2,83,111,1.3373493975903614,9.098795180722892,2
97,2019-03-01,853.6,95,122,1.2842105263157895,8.985263157894737,2.0163934426229506
97,2019-04-01,813,92,120,1.3043478260869565,8.83695652173913,2
97,2019-05-01,883.3,103,130,1.2621359223300972,8.575728155339805,1.9461538461538461
97,2019-06-01,862,103,130,1.2621359223300972,8.368932038834952,2.0615384615384613
98,2018-07-01,128.7,34,35,1.0294117647058822,3.7852941176470587,1.0857142857142856
98,2018-08-01,95,25,25,1,3.8,1.2
98,2018-09-01,112,31,32,1.032258064516129,3.6129032258064515,1.0625
98,2018-10-01,144.7,39,41,1.0512820512820513,3.71025641025641,1.048780487804878
98,2018-11-01,106.5,30,30,1,3.55,1
98,2018-12-01,175.2,44,45,1.0227272727272727,3.9818181818181815,1.0222222222222221
98,2019-01-01,108.5,29,29,1,3.7413793103448274,1.0344827586206897
98,2019-02-01,107.2,27,28,1.037037037037037,3.9703703703703703,1.0714285714285714
98,2019-03-01,112.1,31,32,1.032258064516129,3.616129032258064,1
98,2019-04-01,175.7,43,45,1.0465116279069768,4.086046511627907,1.0888888888888888
98,2019-05-01,164.5,42,43,1.0238095238095237,3.9166666666666665,1.1162790697674418
98,2019-06-01,159.1,37,38,1.027027027027027,4.3,1.131578947368421
99,2018-07-01,18.5,5,5,1,3.7,1
99,2018-08-01,14.8,3,3,1,4.933333333333334,1.3333333333333333
99,2018-09-01,23.400000000000002,7,7,1,3.342857142857143,1.2857142857142858
99,2018-10-01,14.7,5,5,1,2.94,1
99,2018-11-01,17.2,4,4,1,4.3,1.25
99,2018-12-01,4.2,1,1,1,4.2,1
99,2019-01-01,15.700000000000001,4,4,1,3.9250000000000003,1
99,2019-02-01,22.2,8,8,1,2.775,1
99,2019-03-01,30.3,8,9,1.125,3.7875,1
99,2019-04-01,13.8,5,5,1,2.7600000000000002,1
99,2019-05-01,24.3,6,6,1,4.05,1.1666666666666667
99,2019-06-01,22.8,7,7,1,3.257142857142857,1
100,2018-07-01,1027,116,154,1.3275862068965518,8.85344827586207,2.0259740259740258
100,2018-08-01,925.8,109,138,1.2660550458715596,8.493577981651375,1.9855072463768115
100,2018-09-01,954,104,140,1.3461538461538463,9.173076923076923,2
100,2018-10-01,1025.6,106,144,1.3584905660377358,9.675471698113206,2.013888888888889
100,2018-11-01,833.6,90,115,1.2777777777777777,9.262222222222222,2.034782608695652
100,2018-12-01,1020.6,109,142,1.3027522935779816,9.363302752293578,2.028169014084507
100,2019-01-01,1033.6,109,147,1.348623853211009,9.48256880733945,2.0272108843537415
100,2019-02-01,936.4,97,129,1.3298969072164948,9.65360824742268,2.046511627906977
100,2019-03-01,1060.8,110,148,1.3454545454545455,9.643636363636363,2.027027027027027
100,2019-04-01,993.8000000000001,111,137,1.2342342342342343,8.953153153153155,2.0145985401459856
100,2019-05-01,1001.5,107,145,1.355140186915888,9.35981308411215,1.993103448275862
100,2019-06-01,1018,118,151,1.2796610169491525,8.627118644067796,2.0264900662251657
101,2018-07-01,876.6,99,125,1.2626262626262625,8.854545454545455,2.016
101,2018-08-01,866,103,124,1.203883495145631,8.407766990291263,1.8870967741935485
101,2018-09-01,836.4,93,118,1.2688172043010753,8.993548387096775,2.016949152542373
101,2018-10-01,892,102,128,1.2549019607843137,8.745098039215685,2
101,2018-11-01,865.6,99,122,1.2323232323232323,8.743434343434343,2.0163934426229506
101,2018-12-01,759.2,90,114,1.2666666666666666,8.435555555555556,2.0350877192982457
101,2019-01-01,846.4,97,124,1.2783505154639174,8.725773195876288,2
101,2019-02-01,825.4,95,117,1.231578947368421,8.688421052631579,2.017094017094017
101,2019-03-01,695.8,82,100,1.2195121951219512,8.485365853658536,2
101,2019-04-01,804,95,114,1.2,8.463157894736842,2.017543859649123
101,2019-05-01,871.9,99,130,1.3131313131313131,8.807070707070707,2
101,2019-06-01,938.4,101,130,1.2871287128712872,9.29108910891089,2
102,2018-07-01,782.4,92,111,1.2065217391304348,8.504347826086956,2
102,2018-08-01,986.4,104,139,1.3365384615384615,9.484615384615385,1.9568345323741008
102,2018-09-01,970.4,107,138,1.2897196261682242,9.069158878504673,2
102,2018-10-01,902.2,103,132,1.2815533980582525,8.759223300970874,2
102,2018-11-01,930,98,125,1.2755102040816326,9.489795918367347,2.016
102,2018-12-01,816.6,99,116,1.1717171717171717,8.248484848484848,2.0344827586206895
102,2019-01-01,898,106,126,1.1886792452830188,8.471698113207546,2.0317460317460316
102,2019-02-01,773.4,98,114,1.163265306122449,7.891836734693877,2
102,2019-03-01,821.8,97,121,1.2474226804123711,8.472164948453608,2.0165289256198347
102,2019-04-01,718.6,85,101,1.188235294117647,8.454117647058824,2
102,2019-05-01,890.9,103,130,1.2621359223300972,8.649514563106797,1.876923076923077
102,2019-06-01,950,107,135,1.2616822429906542,8.878504672897197,2.0148148148148146
103,2018-07-01,196.3,37,39,1.054054054054054,5.305405405405406,1.564102564102564
103,2018-08-01,255.1,42,44,1.0476190476190477,6.0738095238095235,1.7045454545454546
103,2018-09-01,274.3,47,49,1.0425531914893618,5.836170212765958,1.6938775510204083
103,2018-10-01,255,40,40,1,6.375,1.85
103,2018-11-01,410.2,61,69,1.1311475409836065,6.724590163934426,1.6521739130434783
103,2018-12-01,292.3,51,53,1.0392156862745099,5.731372549019608,1.6037735849056605
103,2019-01-01,316.7,51,54,1.0588235294117647,6.209803921568628,1.6296296296296295
103,2019-02-01,281.6,50,51,1.02,5.632000000000001,1.607843137254902
103,2019-03-01,336.7,56,61,1.0892857142857142,6.0125,1.6557377049180328
103,2019-04-01,283.3,43,45,1.0465116279069768,6.588372093023256,1.7333333333333334
103,2019-05-01,316.90000000000003,52,57,1.0961538461538463,6.09423076923077,1.6491228070175439
103,2019-06-01,248.5,41,48,1.170731707317073,6.060975609756097,1.5416666666666667
104,2018-07-01,817,97,118,1.2164948453608246,8.422680412371134,2
104,2018-08-01,881.9,104,126,1.2115384615384615,8.479807692307691,1.9126984126984128
104,2018-09-01,829.8,95,114,1.2,8.734736842105262,2.0350877192982457
104,2018-10-01,915.8,98,136,1.3877551020408163,9.344897959183672,2
104,2018-11-01,766.6,78,110,1.4102564102564104,9.828205128205129,2
104,2018-12-01,897.2,101,131,1.297029702970297,8.883168316831684,2.015267175572519
104,2019-01-01,902.4,97,126,1.2989690721649485,9.303092783505154,2
104,2019-02-01,844.2,99,119,1.202020202020202,8.527272727272727,2
104,2019-03-01,962,104,135,1.2980769230769231,9.25,2.0148148148148146
104,2019-04-01,789,91,115,1.2637362637362637,8.67032967032967,2
104,2019-05-01,1000.7,114,147,1.2894736842105263,8.778070175438597,1.945578231292517
104,2019-06-01,737.8,86,104,1.2093023255813953,8.57906976744186,2
105,2018-07-01,928.9,97,131,1.3505154639175259,9.576288659793814,2.0229007633587788
105,2018-08-01,923.7,112,145,1.2946428571428572,8.247321428571428,1.910344827586207
105,2018-09-01,846.6,103,126,1.2233009708737863,8.219417475728156,2.0317460317460316
105,2018-10-01,880,97,123,1.268041237113402,9.072164948453608,2.048780487804878
105,2018-11-01,771.4,95,111,1.168421052631579,8.12,2.018018018018018
105,2018-12-01,1048.6,109,148,1.3577981651376148,9.620183486238531,2.027027027027027
105,2019-01-01,807,87,114,1.3103448275862069,9.275862068965518,2.0526315789473686
105,2019-02-01,751.8,85,109,1.2823529411764707,8.84470588235294,2.018348623853211
105,2019-03-01,916.8,95,129,1.3578947368421053,9.650526315789474,2
105,2019-04-01,944.6,101,132,1.306930693069307,9.352475247524753,2
105,2019-05-01,818.1,92,123,1.3369565217391304,8.892391304347827,1.886178861788618
105,2019-06-01,835,91,119,1.3076923076923077,9.175824175824175,2.033613445378151
106,2018-07-01,1042.8,111,140,1.2612612612612613,9.394594594594594,2.057142857142857
106,2018-08-01,799.85,102,124,1.2156862745098038,7.841666666666667,1.8790322580645162
106,2018-09-01,1158.4,121,164,1.3553719008264462,9.573553719008265,2
106,2018-10-01,928.6,102,131,1.2843137254901962,9.10392156862745,2
106,2018-11-01,966.8,113,140,1.238938053097345,8.55575221238938,2.0285714285714285
106,2018-12-01,820.4,96,117,1.21875,8.545833333333333,2.017094017094017
106,2019-01-01,869.6,101,127,1.2574257425742574,8.60990099009901,2.047244094488189
106,2019-02-01,833.2,97,118,1.2164948453608246,8.589690721649484,2
106,2019-03-01,938.6,109,136,1.2477064220183487,8.611009174311928,2.014705882352941
106,2019-04-01,815.4,96,113,1.1770833333333333,8.49375,2.017699115044248
106,2019-05-01,878.75,111,137,1.2342342342342343,7.916666666666667,1.927007299270073
106,2019-06-01,690.2,82,102,1.2439024390243902,8.417073170731708,2
107,2018-07-01,805.4,90,113,1.2555555555555555,8.948888888888888,2.0353982300884956
107,2018-08-01,868.7,100,127,1.27,8.687000000000001,1.9606299212598426
107,2018-09-01,751.6,88,102,1.1590909090909092,8.540909090909091,2.019607843137255
107,2018-10-01,821,91,114,1.2527472527472527,9.021978021978022,2.017543859649123
107,2018-11-01,757.4,92,112,1.2173913043478262,8.232608695652173,2
107,2018-12-01,766.4,89,111,1.247191011235955,8.611235955056179,2
107,2019-01-01,878,102,126,1.2352941176470589,8.607843137254902,2.015873015873016
107,2019-02-01,579.2,70,85,1.2142857142857142,8.274285714285716,2
107,2019-03-01,812,95,122,1.2842105263157895,8.547368421052632,2
107,2019-04-01,848.6,91,122,1.3406593406593406,9.325274725274726,2.0163934426229506
107,2019-05-01,737,90,113,1.2555555555555555,8.188888888888888,1.8053097345132743
107,2019-06-01,671.4,78,94,1.205128205128205,8.607692307692307,2.021276595744681
108,2018-07-01,242.7,30,30,1,8.09,1.9
108,2018-08-01,401.4,44,45,1.0227272727272727,9.122727272727273,1.9555555555555555
108,2018-09-01,318.7,38,39,1.0263157894736843,8.386842105263158,1.794871794871795
108,2018-10-01,231.6,28,30,1.0714285714285714,8.27142857142857,1.8
108,2018-11-01,272.9,34,34,1,8.026470588235293,1.8529411764705883
108,2018-12-01,291.6,32,34,1.0625,9.1125,1.8529411764705883
108,2019-01-01,330.8,40,41,1.025,8.27,1.829268292682927
108,2019-02-01,321.4,41,41,1,7.839024390243902,1.8048780487804879
108,2019-03-01,317.6,36,38,1.0555555555555556,8.822222222222223,1.9210526315789473
108,2019-04-01,292.4,38,38,1,7.694736842105263,1.7894736842105263
108,2019-05-01,400.4,50,54,1.08,8.008,1.7777777777777777
108,2019-06-01,311.6,35,36,1.0285714285714285,8.902857142857144,1.8888888888888888
109,2018-07-01,884,108,136,1.2592592592592593,8.185185185185185,2.014705882352941
109,2018-08-01,828.3,89,118,1.3258426966292134,9.306741573033708,1.9067796610169492
109,2018-09-01,871.4,102,123,1.2058823529411764,8.54313725490196,2.016260162601626
109,2018-10-01,957.6,107,138,1.2897196261682242,8.949532710280375,2
109,2018-11-01,929.6,101,132,1.306930693069307,9.203960396039605,2.015151515151515
109,2018-12-01,908.8,101,132,1.306930693069307,8.998019801980197,2.0454545454545454
109,2019-01-01,858.6,92,117,1.2717391304347827,9.332608695652175,2
109,2019-02-01,858.4,91,122,1.3406593406593406,9.432967032967033,2.0163934426229506
109,2019-03-01,1039.2,114,145,1.2719298245614035,9.115789473684211,2.013793103448276
109,2019-04-01,728.6,80,104,1.3,9.1075,2
109,2019-05-01,720.6,90,112,1.2444444444444445,8.006666666666668,1.8214285714285714
109,2019-06-01,814,90,114,1.2666666666666666,9.044444444444444,2.0526315789473686
110,2018-07-01,698.1,89,99,1.1123595505617978,7.843820224719101,1.9696969696969697
110,2018-08-01,761.4,89,111,1.247191011235955,8.555056179775281,1.8918918918918919
110,2018-09-01,682.8,79,96,1.2151898734177216,8.643037974683544,2.0208333333333335
110,2018-10-01,784.4,92,112,1.2173913043478262,8.52608695652174,2
110,2018-11-01,768.2,95,111,1.168421052631579,8.086315789473685,2.018018018018018
110,2018-12-01,968.2,112,141,1.2589285714285714,8.644642857142857,2.0141843971631204
110,2019-01-01,924,106,131,1.2358490566037736,8.716981132075471,2.015267175572519
110,2019-02-01,691.2,82,100,1.2195121951219512,8.429268292682927,2
110,2019-03-01,957.2,114,137,1.2017543859649122,8.396491228070175,2.0291970802919708
110,2019-04-01,849.4,99,116,1.1717171717171717,8.579797979797979,2.0172413793103448
110,2019-05-01,842.4,97,118,1.2164948453608246,8.684536082474226,1.9830508474576272
110,2019-06-01,761.4,88,106,1.2045454545454546,8.652272727272727,2.056603773584906
111,2018-07-01,224.9,51,52,1.0196078431372548,4.409803921568628,1.2115384615384615
111,2018-08-01,272.6,44,47,1.0681818181818181,6.195454545454546,1.553191489361702
111,2018-09-01,156.6,36,37,1.0277777777777777,4.35,1.2972972972972974
111,2018-10-01,211,43,45,1.0465116279069768,4.906976744186046,1.3333333333333333
111,2018-11-01,181.6,39,42,1.0769230769230769,4.656410256410256,1.2142857142857142
111,2018-12-01,215.7,47,48,1.0212765957446808,4.589361702127659,1.3333333333333333
111,2019-01-01,167.6,40,42,1.05,4.1899999999999995,1.2619047619047619
111,2019-02-01,167.4,34,38,1.1176470588235294,4.923529411764706,1.368421052631579
111,2019-03-01,228.9,48,52,1.0833333333333333,4.76875,1.2692307692307692
111,2019-04-01,195.4,40,41,1.025,4.885,1.2926829268292683
111,2019-05-01,179.8,43,45,1.0465116279069768,4.18139534883721,1.2222222222222223
111,2019-06-01,206.2,43,46,1.069767441860465,4.7953488372093025,1.2826086956521738
112,2018-07-01,998.8,106,143,1.349056603773585,9.422641509433962,2.041958041958042
112,2018-08-01,974.8,109,147,1.348623853211009,8.943119266055046,1.945578231292517
112,2018-09-01,926.8,111,135,1.2162162162162162,8.349549549549549,2
112,2018-10-01,915,109,132,1.2110091743119267,8.394495412844037,2.015151515151515
112,2018-11-01,902,93,122,1.3118279569892473,9.698924731182796,2.0491803278688523
112,2018-12-01,866.8,100,127,1.27,8.668,2.031496062992126
112,2019-01-01,957.2,103,139,1.3495145631067962,9.293203883495146,2.028776978417266
112,2019-02-01,1049.2,116,150,1.293103448275862,9.044827586206896,2.04
112,2019-03-01,1035.6,107,140,1.308411214953271,9.678504672897196,2.0285714285714285
112,2019-04-01,938.4,108,129,1.1944444444444444,8.688888888888888,2.062015503875969
112,2019-05-01,815.2,102,121,1.1862745098039216,7.992156862745098,1.9173553719008265
112,2019-06-01,1012.6,114,142,1.2456140350877194,8.882456140350877,2.028169014084507
113,2018-07-01,918.4,103,132,1.2815533980582525,8.916504854368933,2
113,2018-08-01,1009.9,106,144,1.3584905660377358,9.527358490566037,1.9583333333333333
113,2018-09-01,962.6,98,130,1.3265306122448979,9.822448979591837,2.0307692307692307
113,2018-10-01,894.6,92,124,1.3478260869565217,9.72391304347826,2
113,2018-11-01,905.8,100,130,1.3,9.058,2
113,2018-12-01,965.8000000000001,105,132,1.2571428571428571,9.198095238095238,2.0454545454545454
113,2019-01-01,766.4,89,113,1.2696629213483146,8.611235955056179,2.0353982300884956
113,2019-02-01,766.2,84,108,1.2857142857142858,9.121428571428572,2
113,2019-03-01,960,100,138,1.38,9.6,2
113,2019-04-01,774.8,93,112,1.2043010752688172,8.331182795698924,2
113,2019-05-01,775.5,96,120,1.25,8.078125,1.8833333333333333
113,2019-06-01,851.6,96,117,1.21875,8.870833333333334,2.051282051282051
114,2018-07-01,945,103,134,1.3009708737864079,9.174757281553399,2
114,2018-08-01,870.95,105,130,1.2380952380952381,8.294761904761906,1.8923076923076922
114,2018-09-01,922.8,109,134,1.2293577981651376,8.46605504587156,2.029850746268657
114,2018-10-01,1085,117,145,1.2393162393162394,9.273504273504274,2.013793103448276
114,2018-11-01,931.2,108,132,1.2222222222222223,8.622222222222222,2
114,2018-12-01,917.6,99,129,1.303030303030303,9.268686868686869,2.0155038759689923
114,2019-01-01,928.6,100,127,1.27,9.286,2
114,2019-02-01,866.4,95,122,1.2842105263157895,9.12,2
114,2019-03-01,980.6,113,144,1.2743362831858407,8.67787610619469,2
114,2019-04-01,886.8,106,132,1.2452830188679245,8.366037735849057,2.0303030303030303
114,2019-05-01,786.95,96,126,1.3125,8.197395833333333,1.9126984126984128
114,2019-06-01,1017.6,105,145,1.380952380952381,9.691428571428572,2.027586206896552
115,2018-07-01,358.9,49,54,1.1020408163265305,7.324489795918367,1.9444444444444444
115,2018-08-01,322.2,47,50,1.0638297872340425,6.85531914893617,1.76
115,2018-09-01,296.6,42,42,1,7.061904761904763,1.9523809523809523
115,2018-10-01,275,38,39,1.0263157894736843,7.2368421052631575,1.9743589743589745
115,2018-11-01,316.7,46,47,1.0217391304347827,6.884782608695652,1.9787234042553192
115,2018-12-01,423.2,54,58,1.0740740740740742,7.837037037037037,1.9482758620689655
115,2019-01-01,320,43,46,1.069767441860465,7.441860465116279,1.9565217391304348
115,2019-02-01,295.4,41,42,1.024390243902439,7.204878048780487,1.9523809523809523
115,2019-03-01,282.8,37,40,1.0810810810810811,7.643243243243243,2
115,2019-04-01,389,52,54,1.0384615384615385,7.480769230769231,1.9814814814814814
115,2019-05-01,402.55,59,64,1.0847457627118644,6.8228813559322035,1.890625
115,2019-06-01,308,46,47,1.0217391304347827,6.695652173913044,2
116,2018-07-01,835,91,119,1.3076923076923077,9.175824175824175,2
116,2018-08-01,832.4,100,133,1.33,8.324,1.8571428571428572
116,2018-09-01,889.4,94,120,1.2765957446808511,9.461702127659574,2.0166666666666666
116,2018-10-01,861,104,125,1.2019230769230769,8.278846153846153,2.032
116,2018-11-01,837,85,115,1.3529411764705883,9.847058823529412,2.034782608695652
116,2018-12-01,896.8,104,130,1.25,8.623076923076923,2.0153846153846153
116,2019-01-01,863.8,103,125,1.2135922330097086,8.38640776699029,2.032
116,2019-02-01,752.6,86,103,1.197674418604651,8.751162790697675,2.0388349514563107
116,2019-03-01,883.8,98,128,1.3061224489795917,9.018367346938774,2.015625
116,2019-04-01,935.6,91,129,1.4175824175824177,10.281318681318682,2.0155038759689923
116,2019-05-01,900.1,106,132,1.2452830188679245,8.491509433962264,1.9393939393939394
116,2019-06-01,867,97,124,1.2783505154639174,8.938144329896907,2
117,2018-07-01,2.6,1,1,1,2.6,1
117,2018-08-01,14.4,4,4,1,3.6,1.25
117,2018-09-01,11.6,4,4,1,2.9,1
117,2018-10-01,23.9,7,7,1,3.414285714285714,1
117,2018-11-01,26.8,7,7,1,3.8285714285714287,1
117,2018-12-01,27.9,8,8,1,3.4875,1
117,2019-02-01,5.9,2,2,1,2.95,1
117,2019-03-01,10.7,2,2,1,5.35,1
117,2019-04-01,18.6,5,5,1,3.72,1
117,2019-05-01,13.3,4,4,1,3.325,1
117,2019-06-01,6.1,2,2,1,3.05,1
118,2018-07-01,799.4,92,115,1.25,8.689130434782609,2
118,2018-08-01,755.95,103,120,1.1650485436893203,7.339320388349515,1.8583333333333334
118,2018-09-01,722.2,89,103,1.1573033707865168,8.114606741573034,2.0194174757281553
118,2018-10-01,783,88,108,1.2272727272727273,8.897727272727273,2.0185185185185186
118,2018-11-01,740.4,89,108,1.2134831460674158,8.319101123595505,2
118,2018-12-01,945,112,137,1.2232142857142858,8.4375,2.0145985401459856
118,2019-01-01,977.4,100,136,1.36,9.774,2.014705882352941
118,2019-02-01,827.4,88,113,1.2840909090909092,9.402272727272727,2.0353982300884956
118,2019-03-01,878,106,125,1.179245283018868,8.283018867924529,2
118,2019-04-01,890.2,104,131,1.2596153846153846,8.559615384615386,2
118,2019-05-01,789.6,87,115,1.3218390804597702,9.075862068965517,1.9652173913043478
118,2019-06-01,830,96,115,1.1979166666666667,8.645833333333334,2.017391304347826
119,2018-07-01,1074.4,107,125,1.1682242990654206,10.041121495327104,2
119,2018-08-01,991.1,104,120,1.1538461538461537,9.529807692307692,1.875
119,2018-09-01,988.4,98,111,1.1326530612244898,10.085714285714285,2.009009009009009
119,2018-10-01,860.8,91,101,1.10989010989011,9.45934065934066,1.9603960396039604
119,2018-11-01,965.2,97,111,1.1443298969072164,9.950515463917526,1.945945945945946
119,2018-12-01,983.8,100,114,1.14,9.838,1.9912280701754386
119,2019-01-01,935.1,91,109,1.1978021978021978,10.275824175824177,1.9357798165137614
119,2019-02-01,1004.3,99,116,1.1717171717171717,10.144444444444444,1.9655172413793103
119,2019-03-01,977.7,97,114,1.175257731958763,10.079381443298969,1.956140350877193
119,2019-04-01,879.1,85,104,1.223529411764706,10.34235294117647,1.9519230769230769
119,2019-05-01,807.2,79,95,1.2025316455696202,10.217721518987343,1.894736842105263
119,2019-06-01,871.4,87,101,1.160919540229885,10.016091954022988,1.9801980198019802
120,2018-07-01,98.7,28,28,1,3.525,1.0714285714285714
120,2018-08-01,248,55,61,1.1090909090909091,4.509090909090909,1.1639344262295082
120,2018-09-01,147.5,34,40,1.1764705882352942,4.338235294117647,1.1
120,2018-10-01,106.10000000000001,26,26,1,4.080769230769231,1.1153846153846154
120,2018-11-01,132.3,39,39,1,3.3923076923076927,1
120,2018-12-01,145.9,38,40,1.0526315789473684,3.8394736842105264,1.125
120,2019-01-01,192.2,46,48,1.0434782608695652,4.178260869565217,1.0625
120,2019-02-01,129,31,32,1.032258064516129,4.161290322580645,1.09375
120,2019-03-01,109.2,30,30,1,3.64,1.0666666666666667
120,2019-04-01,122,32,34,1.0625,3.8125,1.0294117647058822
120,2019-05-01,191.05,49,51,1.0408163265306123,3.898979591836735,1.0784313725490196
120,2019-06-01,188.2,44,46,1.0454545454545454,4.277272727272727,1.173913043478261
121,2018-07-01,391.7,57,64,1.1228070175438596,6.871929824561403,1.71875
121,2018-08-01,294.1,54,57,1.0555555555555556,5.446296296296297,1.5964912280701755
121,2018-09-01,345.5,51,54,1.0588235294117647,6.7745098039215685,1.7222222222222223
121,2018-10-01,281.6,46,48,1.0434782608695652,6.121739130434783,1.7083333333333333
121,2018-11-01,263.7,43,46,1.069767441860465,6.132558139534884,1.7608695652173914
121,2018-12-01,314.4,48,51,1.0625,6.55,1.7647058823529411
121,2019-01-01,315.9,54,57,1.0555555555555556,5.85,1.631578947368421
121,2019-02-01,230.6,32,34,1.0625,7.20625,1.7058823529411764
121,2019-03-01,290.5,49,51,1.0408163265306123,5.928571428571429,1.7058823529411764
121,2019-04-01,226.1,40,42,1.05,5.6525,1.6666666666666667
121,2019-05-01,318.9,53,54,1.0188679245283019,6.016981132075471,1.6851851851851851
121,2019-06-01,256,46,48,1.0434782608695652,5.565217391304348,1.7083333333333333
122,2018-07-01,864.4,99,126,1.2727272727272727,8.731313131313131,2.015873015873016
122,2018-08-01,892.5,106,131,1.2358490566037736,8.419811320754716,1.8778625954198473
122,2018-09-01,917.4,104,130,1.25,8.821153846153846,2.0153846153846153
122,2018-10-01,872.2,101,128,1.2673267326732673,8.635643564356435,2.03125
122,2018-11-01,754.2,85,108,1.2705882352941176,8.872941176470588,2.037037037037037
122,2018-12-01,833,98,116,1.183673469387755,8.5,2
122,2019-01-01,898.6,100,129,1.29,8.986,2.0155038759689923
122,2019-02-01,724.4,79,101,1.2784810126582278,9.169620253164556,2
122,2019-03-01,865,98,127,1.2959183673469388,8.826530612244898,2
122,2019-04-01,787.6,90,112,1.2444444444444445,8.751111111111111,2.017857142857143
122,2019-05-01,813.3,97,121,1.2474226804123711,8.384536082474227,1.9338842975206612
122,2019-06-01,879,102,126,1.2352941176470589,8.617647058823529,2.0317460317460316
123,2018-07-01,1105.4,107,126,1.1775700934579438,10.330841121495327,1.9841269841269842
123,2018-08-01,1353,133,153,1.150375939849624,10.172932330827068,1.973856209150327
123,2018-09-01,1154.2,111,134,1.2072072072072073,10.398198198198198,1.9850746268656716
123,2018-10-01,1286.1,124,144,1.1612903225806452,10.371774193548386,1.9722222222222223
123,2018-11-01,1177.9,120,138,1.15,9.815833333333334,1.9782608695652173
123,2018-12-01,1060.5,104,121,1.1634615384615385,10.197115384615385,1.9834710743801653
123,2019-01-01,965.6,96,110,1.1458333333333333,10.058333333333334,1.990909090909091
123,2019-02-01,1211,119,138,1.1596638655462186,10.176470588235293,1.9710144927536233
123,2019-03-01,1160.2,112,132,1.1785714285714286,10.358928571428573,1.9621212121212122
123,2019-04-01,1092.5,109,122,1.1192660550458715,10.022935779816514,1.9836065573770492
123,2019-05-01,955.1,100,114,1.14,9.551,1.9473684210526316
123,2019-06-01,946.9,93,110,1.1827956989247312,10.181720430107527,2.018181818181818
124,2018-07-01,104.9,28,29,1.0357142857142858,3.7464285714285714,1.1379310344827587
124,2018-08-01,200.9,38,40,1.0526315789473684,5.286842105263158,1.325
124,2018-09-01,150,39,40,1.0256410256410255,3.8461538461538463,1.15
124,2018-10-01,175.70000000000002,41,41,1,4.285365853658537,1.170731707317073
124,2018-11-01,230.4,52,53,1.0192307692307692,4.430769230769231,1.1886792452830188
124,2018-12-01,167.9,38,42,1.105263157894737,4.4184210526315795,1.1666666666666667
124,2019-01-01,161.4,40,40,1,4.035,1.175
124,2019-02-01,220.1,48,50,1.0416666666666667,4.585416666666666,1.32
124,2019-03-01,219.9,50,52,1.04,4.398,1.2115384615384615
124,2019-04-01,154.4,35,38,1.0857142857142856,4.411428571428572,1.131578947368421
124,2019-05-01,157.7,40,40,1,3.9425,1.075
124,2019-06-01,175.1,38,40,1.0526315789473684,4.6078947368421055,1.225
125,2018-07-01,1039.8,98,121,1.2346938775510203,10.610204081632652,2.0165289256198347
125,2018-08-01,1114.75,111,132,1.1891891891891893,10.042792792792794,1.9090909090909092
125,2018-09-01,1217.2,123,141,1.146341463414634,9.895934959349594,2
125,2018-10-01,1120.7,111,125,1.1261261261261262,10.096396396396397,1.992
125,2018-11-01,1187,123,141,1.146341463414634,9.65040650406504,1.9929078014184398
125,2018-12-01,1218.6,119,138,1.1596638655462186,10.24033613445378,2.0072463768115942
125,2019-01-01,1109.7,108,127,1.1759259259259258,10.275,2.015748031496063
125,2019-02-01,915.8,86,103,1.197674418604651,10.648837209302325,2.0194174757281553
125,2019-03-01,1235.4,121,141,1.165289256198347,10.209917355371902,1.9858156028368794
125,2019-04-01,1108.2,108,124,1.1481481481481481,10.261111111111111,1.9758064516129032
125,2019-05-01,1073.3,107,132,1.233644859813084,10.030841121495326,1.871212121212121
125,2019-06-01,1012.4,99,113,1.1414141414141414,10.226262626262626,2.0088495575221237
126,2018-07-01,331.6,35,38,1.0857142857142856,9.474285714285715,2
126,2018-08-01,314.3,38,38,1,8.271052631578948,1.868421052631579
126,2018-09-01,351.4,37,41,1.1081081081081081,9.497297297297298,1.975609756097561
126,2018-10-01,332.5,35,38,1.0857142857142856,9.5,2.026315789473684
126,2018-11-01,443.1,47,50,1.0638297872340425,9.427659574468086,1.98
126,2018-12-01,444,48,48,1,9.25,2.0416666666666665
126,2019-01-01,421.2,45,47,1.0444444444444445,9.36,1.9787234042553192
126,2019-02-01,498.3,54,59,1.0925925925925926,9.227777777777778,1.9830508474576272
126,2019-03-01,472,49,52,1.0612244897959184,9.63265306122449,1.9807692307692308
126,2019-04-01,300.6,35,36,1.0285714285714285,8.588571428571429,1.9722222222222223
126,2019-05-01,469,51,56,1.0980392156862746,9.196078431372548,1.9285714285714286
126,2019-06-01,413.7,43,46,1.069767441860465,9.62093023255814,1.9782608695652173
127,2018-07-01,43.9,9,9,1,4.877777777777777,1.6666666666666667
127,2018-08-01,39.699999999999996,7,7,1,5.671428571428571,1.5714285714285714
127,2018-09-01,33.6,4,4,1,8.4,1.75
127,2018-10-01,19,4,4,1,4.75,1.5
127,2018-11-01,47.699999999999996,9,9,1,5.3,1.4444444444444444
127,2018-12-01,15,4,4,1,3.75,1.25
127,2019-01-01,36.4,8,8,1,4.55,1.5
127,2019-02-01,14.4,4,4,1,3.6,1.75
127,2019-03-01,34.1,7,7,1,4.871428571428572,1.4285714285714286
127,2019-04-01,33.199999999999996,6,6,1,5.533333333333332,1.6666666666666667
127,2019-05-01,27.6,4,4,1,6.9,2.5
127,2019-06-01,32.3,6,6,1,5.383333333333333,1.6666666666666667
128,2018-07-01,1036.8,116,146,1.2586206896551724,8.937931034482759,2.0273972602739727
128,2018-08-01,910.1,102,137,1.3431372549019607,8.922549019607843,2
128,2018-09-01,959.6,108,144,1.3333333333333333,8.885185185185186,2
128,2018-10-01,1097.6,108,151,1.3981481481481481,10.162962962962963,2.052980132450331
128,2018-11-01,1002.4,109,142,1.3027522935779816,9.196330275229357,2.028169014084507
128,2018-12-01,1043,114,148,1.2982456140350878,9.149122807017545,2.0135135135135136
128,2019-01-01,895.4,104,125,1.2019230769230769,8.609615384615385,2
128,2019-02-01,1006.4,99,139,1.404040404040404,10.165656565656565,2.0719424460431655
128,2019-03-01,904.6,97,123,1.268041237113402,9.32577319587629,2.032520325203252
128,2019-04-01,1065.6,120,154,1.2833333333333334,8.879999999999999,2.012987012987013
128,2019-05-01,895.5,102,138,1.3529411764705883,8.779411764705882,1.9130434782608696
128,2019-06-01,989.2,104,145,1.3942307692307692,9.511538461538462,2.013793103448276
129,2018-07-01,738.6,83,105,1.2650602409638554,8.898795180722892,2.038095238095238
129,2018-08-01,898.7,97,125,1.288659793814433,9.264948453608248,1.968
129,2018-09-01,868,89,121,1.3595505617977528,9.752808988764045,2.0165289256198347
129,2018-10-01,812.2,92,114,1.2391304347826086,8.828260869565218,2.017543859649123
129,2018-11-01,699.8,84,101,1.2023809523809523,8.33095238095238,2
129,2018-12-01,812.4,100,120,1.2,8.124,2.0166666666666666
129,2019-01-01,885.4,95,123,1.2947368421052632,9.32,2.048780487804878
129,2019-02-01,803.6,94,114,1.2127659574468086,8.548936170212766,2.017543859649123
129,2019-03-01,849.2,95,123,1.2947368421052632,8.938947368421053,2.032520325203252
129,2019-04-01,852.8,90,112,1.2444444444444445,9.475555555555555,2.0535714285714284
129,2019-05-01,811.2,97,123,1.268041237113402,8.362886597938145,1.886178861788618
129,2019-06-01,739.2,94,115,1.2234042553191489,7.863829787234043,2
130,2018-07-01,1273.8,121,148,1.2231404958677685,10.527272727272727,1.9932432432432432
130,2018-08-01,1233.95,127,152,1.1968503937007875,9.716141732283464,1.875
130,2018-09-01,961.4,95,112,1.1789473684210525,10.12,1.9910714285714286
130,2018-10-01,1336.1,136,154,1.1323529411764706,9.824264705882353,1.9935064935064934
130,2018-11-01,1131.5,112,128,1.1428571428571428,10.102678571428571,1.9921875
130,2018-12-01,1196.7,123,134,1.089430894308943,9.729268292682928,1.9776119402985075
130,2019-01-01,1115.4,116,126,1.0862068965517242,9.615517241379312,2
130,2019-02-01,1125.2,103,128,1.2427184466019416,10.924271844660195,1.9921875
130,2019-03-01,1272.1,120,142,1.1833333333333333,10.600833333333332,2.007042253521127
130,2019-04-01,948,94,106,1.127659574468085,10.085106382978724,2.018867924528302
130,2019-05-01,1326.9,121,154,1.2727272727272727,10.966115702479339,1.9415584415584415
130,2019-06-01,1368.6,130,151,1.1615384615384616,10.527692307692307,1.9933774834437086
131,2018-07-01,267.4,56,60,1.0714285714285714,4.7749999999999995,1.3
131,2018-08-01,233.4,46,47,1.0217391304347827,5.073913043478261,1.3829787234042554
131,2018-09-01,195.3,39,40,1.0256410256410255,5.007692307692308,1.25
131,2018-10-01,222.3,49,51,1.0408163265306123,4.536734693877551,1.2549019607843137
131,2018-11-01,210.9,47,48,1.0212765957446808,4.487234042553192,1.25
131,2018-12-01,171.2,38,39,1.0263157894736843,4.505263157894737,1.358974358974359
131,2019-01-01,202.8,47,49,1.0425531914893618,4.314893617021277,1.2244897959183674
131,2019-02-01,188.5,40,41,1.025,4.7125,1.4390243902439024
131,2019-03-01,225.1,48,51,1.0625,4.689583333333333,1.392156862745098
131,2019-04-01,219.7,40,41,1.025,5.4925,1.4878048780487805
131,2019-05-01,172.9,33,36,1.0909090909090908,5.239393939393939,1.3888888888888888
131,2019-06-01,160.9,36,37,1.0277777777777777,4.469444444444445,1.2702702702702702
132,2018-07-01,52.3,11,11,1,4.754545454545454,1.5454545454545454
132,2018-08-01,24.200000000000003,4,4,1,6.050000000000001,1.75
132,2018-09-01,42.400000000000006,5,6,1.2,8.48,2
132,2018-10-01,57.8,10,10,1,5.779999999999999,1.8
132,2018-11-01,39.3,6,6,1,6.55,1.8333333333333333
132,2018-12-01,26.2,4,4,1,6.55,2
132,2019-01-01,29.6,5,5,1,5.92,1.8
132,2019-02-01,15.4,3,3,1,5.133333333333334,2
132,2019-03-01,72.8,9,9,1,8.088888888888889,2
132,2019-04-01,22,3,3,1,7.333333333333333,2
132,2019-05-01,75.1,11,11,1,6.827272727272727,2.090909090909091
132,2019-06-01,38.300000000000004,5,5,1,7.660000000000001,1.8
133,2018-07-01,1021.8,110,148,1.3454545454545455,9.289090909090909,2
133,2018-08-01,916.1,111,141,1.2702702702702702,8.253153153153153,1.9078014184397163
133,2018-09-01,913,112,135,1.2053571428571428,8.151785714285714,2.0296296296296297
133,2018-10-01,983.6,112,140,1.25,8.782142857142857,2.0285714285714285
133,2018-11-01,945.4,104,135,1.2980769230769231,9.090384615384615,2.0296296296296297
133,2018-12-01,1081.2,113,155,1.3716814159292035,9.568141592920355,2.0387096774193547
133,2019-01-01,1081.8,120,156,1.3,9.014999999999999,2.0128205128205128
133,2019-02-01,825.3,98,113,1.153061224489796,8.42142857142857,2.079646017699115
133,2019-03-01,917.8,105,133,1.2666666666666666,8.74095238095238,2.0150375939849625
133,2019-04-01,962.4,113,139,1.2300884955752212,8.516814159292036,2
133,2019-05-01,959.35,110,152,1.3818181818181818,8.721363636363636,1.9144736842105263
133,2019-06-01,966.2,105,137,1.3047619047619048,9.201904761904762,2.0145985401459856
134,2018-07-01,419.2,47,49,1.0425531914893618,8.919148936170213,2
134,2018-08-01,432.65,48,54,1.125,9.013541666666667,1.8333333333333333
134,2018-09-01,463.8,50,54,1.08,9.276,2
134,2018-10-01,473.40000000000003,48,52,1.0833333333333333,9.8625,2.0384615384615383
134,2018-11-01,467.6,54,56,1.037037037037037,8.65925925925926,2
134,2018-12-01,413.4,42,46,1.0952380952380953,9.842857142857142,2.0434782608695654
134,2019-01-01,384.2,43,43,1,8.934883720930232,2
134,2019-02-01,347.6,36,39,1.0833333333333333,9.655555555555557,2
134,2019-03-01,388.6,44,46,1.0454545454545454,8.831818181818182,2
134,2019-04-01,594.6,64,66,1.03125,9.290625,2
134,2019-05-01,407.1,48,51,1.0625,8.481250000000001,1.8823529411764706
134,2019-06-01,454.2,51,54,1.0588235294117647,8.905882352941177,2
135,2018-07-01,24.4,5,5,1,4.88,1.4
135,2018-08-01,33.3,8,8,1,4.1625,1.25
135,2018-09-01,26,4,5,1.25,6.5,1.6
135,2018-10-01,33.8,7,7,1,4.828571428571428,1.4285714285714286
135,2018-11-01,26,6,6,1,4.333333333333333,1.3333333333333333
135,2018-12-01,35.5,7,8,1.1428571428571428,5.071428571428571,1.25
135,2019-01-01,33.1,6,6,1,5.516666666666667,1.5
135,2019-02-01,33.7,7,7,1,4.814285714285715,1.2857142857142858
135,2019-03-01,22.4,4,4,1,5.6,1.75
135,2019-04-01,38.5,6,6,1,6.416666666666667,1.5
135,2019-05-01,34.4,6,6,1,5.733333333333333,1.6666666666666667
135,2019-06-01,39,5,5,1,7.8,2
136,2018-07-01,118.8,27,29,1.0740740740740742,4.3999999999999995,1.1379310344827587
136,2018-08-01,173.2,38,41,1.0789473684210527,4.557894736842105,1.170731707317073
136,2018-09-01,159.9,30,33,1.1,5.33,1.2424242424242424
136,2018-10-01,174.6,41,42,1.024390243902439,4.258536585365854,1.2619047619047619
136,2018-11-01,150.1,33,37,1.121212121212121,4.548484848484848,1.135135135135135
136,2018-12-01,160.3,37,39,1.054054054054054,4.332432432432433,1.1538461538461537
136,2019-01-01,130.5,33,33,1,3.9545454545454546,1.121212121212121
136,2019-02-01,181,43,44,1.0232558139534884,4.209302325581396,1.1818181818181819
136,2019-03-01,174,35,37,1.0571428571428572,4.9714285714285715,1.2432432432432432
136,2019-04-01,185,42,44,1.0476190476190477,4.404761904761905,1.2954545454545454
136,2019-05-01,185.6,44,44,1,4.218181818181818,1.1590909090909092
136,2019-06-01,229.3,50,52,1.04,4.586,1.1923076923076923
137,2018-07-01,1034.4,121,145,1.1983471074380165,8.548760330578514,2.013793103448276
137,2018-08-01,888.95,103,126,1.2233009708737863,8.630582524271846,1.9523809523809523
137,2018-09-01,1021.2,99,138,1.393939393939394,10.315151515151516,2.028985507246377
137,2018-10-01,1046.8,117,148,1.264957264957265,8.947008547008547,2.0135135135135136
137,2018-11-01,841.4,100,120,1.2,8.414,2.0166666666666666
137,2018-12-01,882.6,107,125,1.1682242990654206,8.248598130841122,2.016
137,2019-01-01,974,106,135,1.2735849056603774,9.18867924528302,2
137,2019-02-01,871.2,96,120,1.25,9.075000000000001,2
137,2019-03-01,731.8,90,105,1.1666666666666667,8.13111111111111,2.019047619047619
137,2019-04-01,826.8,101,119,1.1782178217821782,8.186138613861386,2
137,2019-05-01,1061.3,115,147,1.2782608695652173,9.228695652173913,1.9795918367346939
137,2019-06-01,818,95,122,1.2842105263157895,8.610526315789473,2.0163934426229506
138,2018-07-01,822.4,93,119,1.2795698924731183,8.843010752688171,2.033613445378151
138,2018-08-01,707.4,86,105,1.2209302325581395,8.225581395348836,1.980952380952381
138,2018-09-01,913.6,114,136,1.1929824561403508,8.014035087719298,2
138,2018-10-01,1015.4,113,145,1.2831858407079646,8.985840707964602,2.027586206896552
138,2018-11-01,991.4,105,142,1.3523809523809525,9.441904761904762,2
138,2018-12-01,918,107,129,1.205607476635514,8.57943925233645,2.0155038759689923
138,2019-01-01,954.8,100,131,1.31,9.548,2.030534351145038
138,2019-02-01,748.6,90,111,1.2333333333333334,8.317777777777778,2.018018018018018
138,2019-03-01,940.6,106,138,1.3018867924528301,8.873584905660378,2
138,2019-04-01,834.2,106,128,1.2075471698113207,7.869811320754717,2
138,2019-05-01,832.4,97,127,1.309278350515464,8.581443298969072,1.9291338582677164
138,2019-06-01,1146,123,158,1.2845528455284554,9.317073170731707,2.0126582278481013
139,2018-07-01,36.5,9,9,1,4.055555555555555,1.3333333333333333
139,2018-08-01,34.1,6,6,1,5.683333333333334,1.5
139,2018-09-01,21.2,4,4,1,5.3,1.5
139,2018-10-01,38.8,9,9,1,4.311111111111111,1.4444444444444444
139,2018-11-01,19.3,4,4,1,4.825,1.5
139,2018-12-01,32.1,6,6,1,5.3500000000000005,1.5
139,2019-01-01,23.8,4,4,1,5.95,1.5
139,2019-02-01,22.8,4,4,1,5.7,1.5
139,2019-03-01,32.8,6,6,1,5.466666666666666,1.3333333333333333
139,2019-04-01,36.8,7,7,1,5.257142857142857,1.4285714285714286
139,2019-05-01,27.900000000000002,6,6,1,4.65,1.1666666666666667
139,2019-06-01,14.2,3,3,1,4.733333333333333,1.6666666666666667
140,2018-07-01,8.5,2,2,1,4.25,1
140,2018-08-01,24.3,7,7,1,3.4714285714285715,1
140,2018-09-01,24.2,5,5,1,4.84,1.2
140,2018-10-01,29.5,7,7,1,4.214285714285714,1.1428571428571428
140,2018-11-01,24.5,7,7,1,3.5,1.1428571428571428
140,2018-12-01,30.3,6,7,1.1666666666666667,5.05,1
140,2019-01-01,8.7,3,3,1,2.9,1
140,2019-02-01,7,2,2,1,3.5,1
140,2019-03-01,43.800000000000004,9,9,1,4.866666666666667,1.2222222222222223
140,2019-04-01,19.2,5,5,1,3.84,1
140,2019-05-01,5.9,2,2,1,2.95,1
140,2019-06-01,19,5,5,1,3.8,1
141,2018-07-01,272.8,43,43,1,6.344186046511628,1.4186046511627908
141,2018-08-01,225.29999999999998,31,33,1.064516129032258,7.267741935483871,1.606060606060606
141,2018-09-01,232.8,32,35,1.09375,7.275,1.5142857142857142
141,2018-10-01,276.2,39,41,1.0512820512820513,7.082051282051282,1.5365853658536586
141,2018-11-01,244.3,32,35,1.09375,7.634375,1.542857142857143
141,2018-12-01,325.8,47,49,1.0425531914893618,6.931914893617021,1.5714285714285714
141,2019-01-01,340.3,47,49,1.0425531914893618,7.240425531914894,1.510204081632653
141,2019-02-01,246.7,35,35,1,7.048571428571428,1.5714285714285714
141,2019-03-01,241.7,36,37,1.0277777777777777,6.713888888888889,1.5405405405405406
141,2019-04-01,186.2,29,29,1,6.4206896551724135,1.4827586206896552
141,2019-05-01,194.9,30,30,1,6.496666666666667,1.4333333333333333
141,2019-06-01,238.4,32,34,1.0625,7.45,1.5588235294117647
142,2018-07-01,457,50,52,1.04,9.14,1.9807692307692308
142,2018-08-01,506.6,60,65,1.0833333333333333,8.443333333333333,1.7692307692307692
142,2018-09-01,406,44,48,1.0909090909090908,9.227272727272727,2
142,2018-10-01,460.2,52,53,1.0192307692307692,8.85,2
142,2018-11-01,479.6,55,56,1.018181818181818,8.72,2
142,2018-12-01,384.2,41,44,1.0731707317073171,9.3707317073170735,2
142,2019-01-01,511.6,54,57,1.0555555555555556,9.474074074074075,2
142,2019-02-01,432.40000000000003,45,50,1.1111111111111112,9.60888888888889,2
142,2019-03-01,473.6,51,54,1.0588235294117647,9.286274509803922,2
142,2019-04-01,514.6,54,59,1.0925925925925926,9.52962962962963,2
142,2019-05-01,350.4,42,42,1,8.342857142857142,1.9047619047619047
142,2019-06-01,411.8,41,45,1.0975609756097562,10.043902439024391,2
143,2018-07-01,344.3,38,41,1.0789473684210527,9.060526315789474,1.8780487804878048
143,2018-08-01,421.85,51,52,1.0196078431372548,8.27156862745098,1.9038461538461537
143,2018-09-01,326.7,39,40,1.0256410256410255,8.376923076923077,1.9
143,2018-10-01,396.2,45,48,1.0666666666666667,8.804444444444444,1.8125
143,2018-11-01,360.9,41,43,1.048780487804878,8.802439024390244,1.9767441860465116
143,2018-12-01,384.9,47,48,1.0212765957446808,8.189361702127659,1.8958333333333333
143,2019-01-01,396.6,46,48,1.0434782608695652,8.621739130434783,1.9166666666666667
143,2019-02-01,483.6,49,56,1.1428571428571428,9.869387755102041,1.8928571428571428
143,2019-03-01,366.5,44,45,1.0227272727272727,8.329545454545455,1.8666666666666667
143,2019-04-01,344.7,43,43,1,8.016279069767442,1.9069767441860466
143,2019-05-01,312.15,36,37,1.0277777777777777,8.670833333333333,1.945945945945946
143,2019-06-01,416.3,50,53,1.06,8.326,1.7547169811320755
144,2018-07-01,716,84,104,1.2380952380952381,8.523809523809524,2.019230769230769
144,2018-08-01,703.2,88,107,1.2159090909090908,7.990909090909091,1.8878504672897196
144,2018-09-01,609.8,74,88,1.1891891891891893,8.24054054054054,2.022727272727273
144,2018-10-01,804.4,97,112,1.1546391752577319,8.292783505154638,2.0535714285714284
144,2018-11-01,732,86,105,1.2209302325581395,8.511627906976743,2.019047619047619
144,2018-12-01,839.4,94,112,1.1914893617021276,8.929787234042553,2.017857142857143
144,2019-01-01,703,81,107,1.3209876543209877,8.679012345679013,2.0186915887850465
144,2019-02-01,656.4,73,93,1.273972602739726,8.991780821917807,2
144,2019-03-01,715.4,91,109,1.1978021978021978,7.861538461538461,2.018348623853211
144,2019-04-01,718.6,83,104,1.2530120481927711,8.657831325301204,2
144,2019-05-01,748.55,92,111,1.2065217391304348,8.13641304347826,1.927927927927928
144,2019-06-01,761,84,106,1.2619047619047619,9.05952380952381,2.018867924528302
145,2018-07-01,388,47,49,1.0425531914893618,8.25531914893617,1.7959183673469388
145,2018-08-01,309.9,39,39,1,7.9461538461538455,1.8205128205128205
145,2018-09-01,365.2,43,47,1.0930232558139534,8.493023255813954,1.7872340425531914
145,2018-10-01,323.2,41,43,1.048780487804878,7.882926829268293,1.697674418604651
145,2018-11-01,317.2,37,39,1.054054054054054,8.572972972972973,1.7692307692307692
145,2018-12-01,287.3,39,39,1,7.366666666666667,1.7435897435897436
145,2019-01-01,275,32,35,1.09375,8.59375,1.7714285714285714
145,2019-02-01,241.4,30,31,1.0333333333333334,8.046666666666667,1.7741935483870968
145,2019-03-01,368,46,46,1,8,1.7608695652173914
145,2019-04-01,298,39,40,1.0256410256410255,7.641025641025641,1.625
145,2019-05-01,288.6,38,39,1.0263157894736843,7.594736842105264,1.6923076923076923
145,2019-06-01,307.8,41,43,1.048780487804878,7.507317073170732,1.627906976744186
146,2018-07-01,12,3,3,1,4,1.3333333333333333
146,2018-08-01,48,8,8,1,6,1.625
146,2018-09-01,20,4,4,1,5,1.5
146,2018-10-01,12.8,3,3,1,4.266666666666667,1.3333333333333333
146,2018-11-01,13.399999999999999,3,3,1,4.466666666666666,1.3333333333333333
146,2018-12-01,11.5,4,4,1,2.875,1
146,2019-01-01,40.5,5,5,1,8.1,1.8
146,2019-02-01,27.8,7,7,1,3.9714285714285715,1.1428571428571428
146,2019-03-01,40.9,9,9,1,4.544444444444444,1.3333333333333333
146,2019-04-01,10.5,3,3,1,3.5,1
146,2019-05-01,29.6,4,4,1,7.4,2
146,2019-06-01,8.1,3,3,1,2.6999999999999997,1.3333333333333333
147,2018-07-01,755.6,92,108,1.173913043478261,8.21304347826087,2.0185185185185186
147,2018-08-01,674.45,84,104,1.2380952380952381,8.029166666666667,1.8942307692307692
147,2018-09-01,785.8,91,113,1.2417582417582418,8.635164835164835,2.0530973451327434
147,2018-10-01,952.6,99,138,1.393939393939394,9.622222222222222,2.0144927536231885
147,2018-11-01,788.6,91,118,1.2967032967032968,8.665934065934065,2
147,2018-12-01,878.2,89,118,1.3258426966292134,9.867415730337079,2.0338983050847457
147,2019-01-01,860,95,119,1.2526315789473683,9.052631578947368,2.0168067226890756
147,2019-02-01,881.8,99,127,1.2828282828282829,8.907070707070707,2
147,2019-03-01,881.8,99,123,1.2424242424242424,8.907070707070707,2.016260162601626
147,2019-04-01,866,100,121,1.21,8.66,2.049586776859504
147,2019-05-01,783.65,98,122,1.2448979591836735,7.996428571428571,1.8114754098360655
147,2019-06-01,761.4,88,108,1.2272727272727273,8.652272727272727,2.0185185185185186
148,2018-07-01,692.3,94,110,1.1702127659574468,7.364893617021276,1.4545454545454546
148,2018-08-01,763.5,98,115,1.1734693877551021,7.790816326530612,1.4956521739130435
148,2018-09-01,678.9,93,104,1.118279569892473,7.3,1.4807692307692308
148,2018-10-01,728.2,97,112,1.1546391752577319,7.507216494845362,1.4910714285714286
148,2018-11-01,647.9,91,103,1.1318681318681318,7.119780219780219,1.4563106796116505
148,2018-12-01,922.9,114,139,1.219298245614035,8.095614035087719,1.4964028776978417
148,2019-01-01,643.9,93,103,1.10752688172043,6.923655913978495,1.4466019417475728
148,2019-02-01,680,81,95,1.1728395061728396,8.395061728395062,1.6105263157894736
148,2019-03-01,873.1,103,126,1.2233009708737863,8.476699029126214,1.5317460317460319
148,2019-04-01,746.4,99,115,1.1616161616161615,7.539393939393939,1.4695652173913043
148,2019-05-01,660.6,89,99,1.1123595505617978,7.4224719101123595,1.5252525252525253
148,2019-06-01,781.3,96,115,1.1979166666666667,8.138541666666667,1.5391304347826087
149,2018-07-01,418,45,46,1.0222222222222221,9.28888888888889,2
149,2018-08-01,469.9,55,57,1.0363636363636364,8.543636363636363,1.8421052631578947
149,2018-09-01,412.7,46,48,1.0434782608695652,8.971739130434782,1.9791666666666667
149,2018-10-01,386.8,39,44,1.1282051282051282,9.917948717948718,2
149,2018-11-01,376.6,39,43,1.1025641025641026,9.656410256410258,2
149,2018-12-01,371.2,43,44,1.0232558139534884,8.632558139534883,2
149,2019-01-01,430,48,49,1.0208333333333333,8.958333333333334,2
149,2019-02-01,421.2,45,48,1.0666666666666667,9.36,2
149,2019-03-01,458.6,50,53,1.06,9.172,2
149,2019-04-01,332.7,36,38,1.0555555555555556,9.241666666666667,1.9473684210526316
149,2019-05-01,438.1,46,50,1.0869565217391304,9.523913043478261,1.92
149,2019-06-01,349.2,39,40,1.0256410256410255,8.953846153846154,1.975
150,2018-07-01,428,48,49,1.0208333333333333,8.916666666666666,2
150,2018-08-01,413.1,46,50,1.0869565217391304,8.980434782608697,1.9
150,2018-09-01,463.2,46,50,1.0869565217391304,10.069565217391304,2
150,2018-10-01,387.2,43,44,1.0232558139534884,9.004651162790697,1.9545454545454546
150,2018-11-01,510.8,53,58,1.0943396226415094,9.637735849056604,2
150,2018-12-01,491.4,50,55,1.1,9.828,2.036363636363636
150,2019-01-01,417.4,47,51,1.0851063829787233,8.880851063829788,1.9803921568627452
150,2019-02-01,286.6,32,34,1.0625,8.95625,1.911764705882353
150,2019-03-01,431.2,41,48,1.170731707317073,10.517073170731708,2
150,2019-04-01,359.3,39,41,1.0512820512820513,9.212820512820514,1.975609756097561
150,2019-05-01,361.40000000000003,40,42,1.05,9.035,1.9047619047619047
150,2019-06-01,420.40000000000003,46,48,1.0434782608695652,9.13913043478261,1.9583333333333333
151,2018-07-01,155,34,34,1,4.5588235294117645,1.2941176470588236
151,2018-08-01,135.5,30,34,1.1333333333333333,4.516666666666667,1.2941176470588236
151,2018-09-01,144.2,36,38,1.0555555555555556,4.0055555555555555,1.1842105263157894
151,2018-10-01,123.2,28,28,1,4.4,1.2857142857142858
151,2018-11-01,135.7,30,32,1.0666666666666667,4.5233333333333325,1.1875
151,2018-12-01,209.4,48,49,1.0208333333333333,4.3625,1.183673469387755
151,2019-01-01,157.1,35,36,1.0285714285714285,4.488571428571428,1.1944444444444444
151,2019-02-01,170.1,42,43,1.0238095238095237,4.05,1.186046511627907
151,2019-03-01,142.7,37,37,1,3.8567567567567567,1.135135135135135
151,2019-04-01,115.1,31,31,1,3.7129032258064516,1.3225806451612903
151,2019-05-01,162.2,34,36,1.0588235294117647,4.770588235294118,1.3055555555555556
151,2019-06-01,193,44,45,1.0227272727272727,4.386363636363637,1.288888888888889
152,2018-07-01,1067.6,105,146,1.3904761904761904,10.167619047619047,2.0273972602739727
152,2018-08-01,971.1,115,145,1.2608695652173914,8.444347826086958,1.9655172413793103
152,2018-09-01,925,109,134,1.2293577981651376,8.486238532110091,2.044776119402985
152,2018-10-01,920,103,131,1.2718446601941749,8.932038834951456,2.015267175572519
152,2018-11-01,1142.4,117,159,1.358974358974359,9.764102564102565,2.0377358490566038
152,2018-12-01,1000.8,111,146,1.3153153153153154,9.016216216216216,2.0136986301369864
152,2019-01-01,1047.4,108,145,1.3425925925925926,9.69814814814815,2.0413793103448277
152,2019-02-01,820.8,93,118,1.2688172043010753,8.825806451612904,2.016949152542373
152,2019-03-01,1151.8,107,155,1.4485981308411215,10.764485981308411,2.064516129032258
152,2019-04-01,1063.2,110,143,1.3,9.665454545454546,2.027972027972028
152,2019-05-01,909.7,109,140,1.2844036697247707,8.345871559633029,1.8714285714285714
152,2019-06-01,836,100,121,1.21,8.36,2
153,2018-07-01,1092,109,128,1.1743119266055047,10.01834862385321,1.984375
153,2018-08-01,1019.7,107,120,1.1214953271028036,9.529906542056075,1.9166666666666667
153,2018-09-01,1066.1,102,118,1.1568627450980393,10.451960784313725,2.016949152542373
153,2018-10-01,1141.4,114,129,1.131578947368421,10.012280701754387,1.9922480620155039
153,2018-11-01,1110.7,102,121,1.1862745098039216,10.889215686274511,2.0165289256198347
153,2018-12-01,1241.7,120,142,1.1833333333333333,10.3475,2
153,2019-01-01,1028.1,102,118,1.1568627450980393,10.079411764705881,1.9915254237288136
153,2019-02-01,968,94,111,1.1808510638297873,10.297872340425531,1.972972972972973
153,2019-03-01,1113.7,101,123,1.2178217821782178,11.026732673267327,2.040650406504065
153,2019-04-01,1125.6,111,127,1.1441441441441442,10.14054054054054,1.9763779527559056
153,2019-05-01,953.85,104,118,1.1346153846153846,9.171634615384615,1.8389830508474576
153,2019-06-01,1181.2,123,136,1.1056910569105691,9.603252032520325,2
154,2018-07-01,929.8,92,110,1.1956521739130435,10.106521739130434,1.9454545454545455
154,2018-08-01,1193.35,124,142,1.1451612903225807,9.623790322580644,1.9014084507042253
154,2018-09-01,899.2,95,107,1.1263157894736842,9.465263157894737,1.9345794392523366
154,2018-10-01,1051.2,112,129,1.1517857142857142,9.385714285714286,1.8837209302325582
154,2018-11-01,979.2,97,115,1.1855670103092784,10.094845360824742,1.9130434782608696
154,2018-12-01,1178.7,124,138,1.1129032258064515,9.505645161290323,1.9420289855072463
154,2019-01-01,1140.4,112,129,1.1517857142857142,10.182142857142859,1.945736434108527
154,2019-02-01,1021.8,107,121,1.1308411214953271,9.549532710280374,1.9669421487603307
154,2019-03-01,1093.7,120,136,1.1333333333333333,9.114166666666668,1.875
154,2019-04-01,1146.4,117,138,1.1794871794871795,9.798290598290599,1.9057971014492754
154,2019-05-01,870.4,94,107,1.1382978723404256,9.259574468085106,1.8224299065420562
154,2019-06-01,1195.1,121,138,1.140495867768595,9.87685950413223,1.963768115942029
155,2018-07-01,924.6,101,123,1.2178217821782178,9.154455445544555,2.032520325203252
155,2018-08-01,782.7,91,119,1.3076923076923077,8.6010989010989,1.9243697478991597
155,2018-09-01,1014.4,103,144,1.3980582524271845,9.848543689320389,2.013888888888889
155,2018-10-01,963.8,108,136,1.2592592592592593,8.924074074074074,2
155,2018-11-01,898.8,101,133,1.316831683168317,8.899009900990098,2.030075187969925
155,2018-12-01,849.8,97,120,1.2371134020618557,8.76082474226804,2.0166666666666666
155,2019-01-01,874.6,96,125,1.3020833333333333,9.110416666666667,2.016
155,2019-02-01,891.2,95,125,1.3157894736842106,9.381052631578948,2.032
155,2019-03-01,804.4,94,118,1.2553191489361701,8.557446808510639,2.0338983050847457
155,2019-04-01,844.6,99,120,1.2121212121212122,8.531313131313132,2.0166666666666666
155,2019-05-01,922.85,106,136,1.2830188679245282,8.706132075471698,1.9485294117647058
155,2019-06-01,857.2,95,121,1.2736842105263158,9.023157894736842,2.0165289256198347
156,2018-07-01,1024.6,110,144,1.309090909090909,9.314545454545454,2.013888888888889
156,2018-08-01,1017.8,122,149,1.221311475409836,8.342622950819672,1.832214765100671
156,2018-09-01,1036.4,117,152,1.2991452991452992,8.858119658119659,2
156,2018-10-01,972.4,111,150,1.3513513513513513,8.76036036036036,2
156,2018-11-01,911,104,127,1.2211538461538463,8.759615384615385,2.015748031496063
156,2018-12-01,1111.2,124,166,1.3387096774193548,8.961290322580645,2.0120481927710845
156,2019-01-01,1199,120,167,1.3916666666666666,9.991666666666667,2.035928143712575
156,2019-02-01,985.8,107,138,1.2897196261682242,9.213084112149533,2.0144927536231885
156,2019-03-01,1027.2,114,140,1.2280701754385965,9.010526315789473,2.0142857142857142
156,2019-04-01,933.4,109,140,1.2844036697247707,8.563302752293577,2
156,2019-05-01,865.7,99,131,1.3232323232323233,8.744444444444445,1.9541984732824427
156,2019-06-01,959.8,106,132,1.2452830188679245,9.054716981132074,2.0303030303030303
157,2018-07-01,1045.4,124,153,1.2338709677419355,8.430645161290323,2
157,2018-08-01,904.1,103,136,1.3203883495145632,8.777669902912622,1.8970588235294117
157,2018-09-01,887.6,104,130,1.25,8.534615384615385,2.0153846153846153
157,2018-10-01,961.4,102,132,1.2941176470588236,9.425490196078432,2.0303030303030303
157,2018-11-01,954,105,133,1.2666666666666666,9.085714285714285,2.0150375939849625
157,2018-12-01,978.4,104,138,1.3269230769230769,9.407692307692308,2.028985507246377
157,2019-01-01,806.8,100,122,1.22,8.068,2
157,2019-02-01,866.8,94,124,1.3191489361702127,9.22127659574468,2.0161290322580645
157,2019-03-01,1057.6,107,144,1.3457943925233644,9.88411214953271,2.013888888888889
157,2019-04-01,972.8,112,140,1.25,8.685714285714285,2.057142857142857
157,2019-05-01,895.1,109,132,1.2110091743119267,8.211926605504587,1.9393939393939394
157,2019-06-01,901,104,132,1.2692307692307692,8.663461538461538,2
158,2018-07-01,28,5,5,1,5.6,1.6
158,2018-08-01,29.8,8,8,1,3.725,1.375
158,2018-09-01,33.9,8,8,1,4.2375,1.5
158,2018-10-01,30.3,8,8,1,3.7875,1.25
158,2018-11-01,27.6,5,5,1,5.5200000000000005,1.6
158,2018-12-01,24.8,4,5,1.25,6.2,1.8
158,2019-01-01,36.6,6,6,1,6.1000000000000005,1.6666666666666667
158,2019-02-01,21.8,4,4,1,5.45,1.5
158,2019-03-01,36.8,4,4,1,9.2,2
158,2019-04-01,11.2,2,2,1,5.6,2
158,2019-05-01,26.4,4,4,1,6.6,2.25
158,2019-06-01,43.7,8,8,1,5.4625,1.625
159,2018-07-01,26.8,6,6,1,4.466666666666667,1.5
159,2018-08-01,14.7,2,2,1,7.35,1.5
159,2018-09-01,56.6,11,11,1,5.1454545454545455,1.4545454545454546
159,2018-10-01,21,4,4,1,5.25,1.75
159,2018-11-01,39.5,9,9,1,4.388888888888889,1.6666666666666667
159,2018-12-01,11,3,3,1,3.6666666666666665,1.3333333333333333
159,2019-01-01,5.8,2,2,1,2.9,1.5
159,2019-02-01,28.6,5,5,1,5.720000000000001,1.2
159,2019-03-01,56.8,11,11,1,5.163636363636363,1.5454545454545454
159,2019-04-01,30.7,5,5,1,6.14,1.8
159,2019-05-01,18.8,4,4,1,4.7,2
159,2019-06-01,28.599999999999998,6,6,1,4.766666666666667,1.5
160,2018-07-01,894.8,102,129,1.2647058823529411,8.772549019607842,2
160,2018-08-01,756.2,94,114,1.2127659574468086,8.04468085106383,1.894736842105263
160,2018-09-01,915.2,95,128,1.3473684210526315,9.633684210526317,2.0625
160,2018-10-01,887.4,96,120,1.25,9.24375,2.0166666666666666
160,2018-11-01,936,100,131,1.31,9.36,2.045801526717557
160,2018-12-01,1018.4,118,143,1.2118644067796611,8.63050847457627,2.013986013986014
160,2019-01-01,903.6,110,128,1.1636363636363636,8.214545454545455,2.03125
160,2019-02-01,821.6,100,120,1.2,8.216000000000001,2.0166666666666666
160,2019-03-01,1067.8,118,154,1.305084745762712,9.04915254237288,2.012987012987013
160,2019-04-01,1013.6,115,141,1.2260869565217392,8.81391304347826,2.028368794326241
160,2019-05-01,772.25,96,122,1.2708333333333333,8.044270833333334,1.819672131147541
160,2019-06-01,932,105,134,1.276190476190476,8.876190476190477,2
161,2018-07-01,35.5,5,5,1,7.1,1.6
161,2018-08-01,32.5,8,8,1,4.0625,1.625
161,2018-09-01,62.2,9,9,1,6.911111111111111,1.7777777777777777
161,2018-10-01,13.7,3,3,1,4.566666666666666,1.3333333333333333
161,2018-11-01,41.4,9,9,1,4.6,1.4444444444444444
161,2018-12-01,33.9,8,8,1,4.2375,1.625
161,2019-01-01,20.8,5,5,1,4.16,1.2
161,2019-02-01,14.9,3,3,1,4.966666666666667,1.3333333333333333
161,2019-03-01,8.3,2,2,1,4.15,1.5
161,2019-04-01,28.8,6,6,1,4.8,1.3333333333333333
161,2019-05-01,22.6,6,6,1,3.766666666666667,1.1666666666666667
161,2019-06-01,20.6,3,3,1,6.866666666666667,1.6666666666666667
162,2018-07-01,889.8,101,127,1.2574257425742574,8.80990099009901,2
162,2018-08-01,887.1,108,130,1.2037037037037037,8.213888888888889,1.9076923076923078
162,2018-09-01,822,93,116,1.2473118279569892,8.838709677419354,2.0344827586206895
162,2018-10-01,828,97,116,1.1958762886597938,8.536082474226804,2
162,2018-11-01,778.4,88,112,1.2727272727272727,8.845454545454546,2.017857142857143
162,2018-12-01,925.6,112,131,1.1696428571428572,8.264285714285714,2
162,2019-01-01,734,87,108,1.2413793103448276,8.436781609195402,2
162,2019-02-01,724,89,104,1.1685393258426966,8.134831460674157,2
162,2019-03-01,827.4,93,115,1.2365591397849462,8.896774193548387,2.034782608695652
162,2019-04-01,938.2,103,133,1.2912621359223302,9.10873786407767,2.030075187969925
162,2019-05-01,700.4,84,101,1.2023809523809523,8.338095238095239,1.99009900990099
162,2019-06-01,731.2,86,104,1.2093023255813953,8.502325581395349,2.019230769230769
163,2018-07-01,188.6,31,33,1.064516129032258,6.083870967741936,1.6666666666666667
163,2018-08-01,183.1,31,32,1.032258064516129,5.906451612903226,1.53125
163,2018-09-01,269.5,44,45,1.0227272727272727,6.125,1.6222222222222222
163,2018-10-01,178,35,38,1.0857142857142856,5.085714285714285,1.605263157894737
163,2018-11-01,261.8,42,47,1.119047619047619,6.233333333333333,1.6170212765957446
163,2018-12-01,222.6,35,38,1.0857142857142856,6.359999999999999,1.7105263157894737
163,2019-01-01,208.9,40,41,1.025,5.2225,1.4634146341463414
163,2019-02-01,182,34,34,1,5.352941176470588,1.5
163,2019-03-01,268.8,47,50,1.0638297872340425,5.719148936170213,1.6
163,2019-04-01,198.3,38,41,1.0789473684210527,5.218421052631579,1.4878048780487805
163,2019-05-01,233.8,46,46,1,5.0826086956521745,1.434782608695652
163,2019-06-01,240.3,41,44,1.0731707317073171,5.860975609756098,1.5909090909090908
164,2018-07-01,853.2,97,128,1.3195876288659794,8.795876288659795,2.046875
164,2018-08-01,920.2,112,145,1.2946428571428572,8.216071428571428,1.8758620689655172
164,2018-09-01,841.4,97,118,1.2164948453608246,8.67422680412371,2
164,2018-10-01,863.2,98,121,1.2346938775510203,8.808163265306122,2
164,2018-11-01,829.6,87,118,1.3563218390804597,9.535632183908046,2
164,2018-12-01,1031.6,113,147,1.3008849557522124,9.129203539823008,2.0136054421768708
164,2019-01-01,950.2,103,136,1.3203883495145632,9.225242718446603,2.0441176470588234
164,2019-02-01,753.8,91,104,1.1428571428571428,8.283516483516483,2.019230769230769
164,2019-03-01,991,107,138,1.2897196261682242,9.261682242990654,2.0144927536231885
164,2019-04-01,1015.6,105,140,1.3333333333333333,9.672380952380953,2
164,2019-05-01,874.1,112,136,1.2142857142857142,7.804464285714286,1.8455882352941178
164,2019-06-01,795,89,112,1.2584269662921348,8.932584269662922,2
165,2018-07-01,1457,133,167,1.255639097744361,10.954887218045112,1.9880239520958083
165,2018-08-01,1206.6,109,137,1.2568807339449541,11.069724770642202,2.0291970802919708
165,2018-09-01,1281.2,122,143,1.1721311475409837,10.501639344262296,2
165,2018-10-01,1234.4,118,138,1.1694915254237288,10.461016949152544,2.0217391304347827
165,2018-11-01,1291.2,126,147,1.1666666666666667,10.247619047619049,2.0272108843537415
165,2018-12-01,1345.4,121,146,1.2066115702479339,11.11900826446281,2.0136986301369864
165,2019-01-01,1422,133,160,1.2030075187969924,10.691729323308271,2
165,2019-02-01,1237.5,113,139,1.2300884955752212,10.951327433628318,2.0071942446043165
165,2019-03-01,1215.4,114,135,1.1842105263157894,10.661403508771931,1.9925925925925927
165,2019-04-01,1391.7,129,159,1.2325581395348837,10.788372093023256,2
165,2019-05-01,1441.05,133,171,1.2857142857142858,10.834962406015038,1.8830409356725146
165,2019-06-01,1450.3,137,164,1.197080291970803,10.586131386861313,1.9939024390243902
166,2018-07-01,1143.3,122,138,1.1311475409836065,9.371311475409836,1.826086956521739
166,2018-08-01,876.6,95,110,1.1578947368421053,9.227368421052631,1.8
166,2018-09-01,927.1,111,119,1.072072072072072,8.352252252252253,1.7983193277310925
166,2018-10-01,1134.4,115,137,1.191304347826087,9.864347826086957,1.8394160583941606
166,2018-11-01,1026.4,117,130,1.1111111111111112,8.772649572649573,1.7769230769230768
166,2018-12-01,973.5,113,125,1.1061946902654867,8.61504424778761,1.808
166,2019-01-01,1048.3,110,130,1.1818181818181819,9.53,1.7769230769230768
166,2019-02-01,993.1,109,127,1.165137614678899,9.111009174311928,1.8346456692913387
166,2019-03-01,923.5,97,118,1.2164948453608246,9.52061855670103,1.805084745762712
166,2019-04-01,1027.5,107,126,1.1775700934579438,9.602803738317757,1.8412698412698412
166,2019-05-01,969.95,108,125,1.1574074074074074,8.98101851851852,1.736
166,2019-06-01,986.2,103,128,1.2427184466019416,9.5747572815534,1.8046875
167,2018-07-01,236.3,53,55,1.0377358490566038,4.458490566037736,1.1636363636363636
167,2018-08-01,206.6,37,39,1.054054054054054,5.583783783783784,1.4615384615384615
167,2018-09-01,216.2,45,49,1.0888888888888888,4.804444444444444,1.2244897959183674
167,2018-10-01,161.6,34,35,1.0294117647058822,4.752941176470588,1.2571428571428571
167,2018-11-01,212.9,46,52,1.1304347826086956,4.628260869565217,1.1923076923076923
167,2018-12-01,164.9,40,41,1.025,4.1225000000000005,1.1219512195121952
167,2019-01-01,126.1,30,31,1.0333333333333334,4.203333333333333,1.2903225806451613
167,2019-02-01,160.6,35,37,1.0571428571428572,4.588571428571428,1.3513513513513513
167,2019-03-01,193,44,45,1.0227272727272727,4.386363636363637,1.1777777777777778
167,2019-04-01,185.1,42,42,1,4.407142857142857,1.3095238095238095
167,2019-05-01,237.9,55,58,1.0545454545454545,4.325454545454545,1.2413793103448276
167,2019-06-01,196.4,41,41,1,4.790243902439024,1.3414634146341464
168,2018-07-01,1075.8,112,147,1.3125,9.605357142857143,2.0272108843537415
168,2018-08-01,922.35,102,131,1.2843137254901962,9.04264705882353,1.984732824427481
168,2018-09-01,880.2,101,124,1.2277227722772277,8.714851485148515,2.0161290322580645
168,2018-10-01,1061,113,150,1.3274336283185841,9.389380530973451,2.013333333333333
168,2018-11-01,940.4,110,133,1.209090909090909,8.549090909090909,2
168,2018-12-01,1121.4,116,162,1.396551724137931,9.667241379310346,2.0123456790123457
168,2019-01-01,903,100,126,1.26,9.03,2.015873015873016
168,2019-02-01,1083.2,116,149,1.2844827586206897,9.337931034482759,2.040268456375839
168,2019-03-01,1060.4,123,147,1.1951219512195121,8.621138211382114,2.0136054421768708
168,2019-04-01,945.6,96,130,1.3541666666666667,9.85,2.0153846153846153
168,2019-05-01,971.05,112,146,1.3035714285714286,8.670089285714285,1.9726027397260273
168,2019-06-01,833.2,99,121,1.2222222222222223,8.416161616161617,2
169,2018-07-01,217.9,41,43,1.048780487804878,5.314634146341463,1.5813953488372092
169,2018-08-01,238.2,37,37,1,6.437837837837837,1.8108108108108107
169,2018-09-01,276,43,48,1.1162790697674418,6.4186046511627906,1.6458333333333333
169,2018-10-01,305.2,45,53,1.1777777777777778,6.782222222222222,1.7358490566037736
169,2018-11-01,355.6,54,58,1.0740740740740742,6.5851851851851855,1.7586206896551724
169,2018-12-01,284.6,46,48,1.0434782608695652,6.186956521739131,1.75
169,2019-01-01,322.8,53,56,1.0566037735849056,6.090566037735849,1.5892857142857142
169,2019-02-01,303.6,49,53,1.0816326530612246,6.195918367346939,1.6415094339622642
169,2019-03-01,283.1,48,48,1,5.897916666666667,1.7291666666666667
169,2019-04-01,326.6,53,57,1.0754716981132075,6.162264150943397,1.6842105263157894
169,2019-05-01,268.1,51,52,1.0196078431372548,5.25686274509804,1.4230769230769231
169,2019-06-01,353,58,62,1.0689655172413792,6.086206896551724,1.6451612903225807
170,2018-07-01,523.8,52,58,1.1153846153846154,10.073076923076922,1.9827586206896552
170,2018-08-01,332.6,41,42,1.024390243902439,8.11219512195122,1.8333333333333333
170,2018-09-01,401.5,43,45,1.0465116279069768,9.337209302325581,1.9555555555555555
170,2018-10-01,454.40000000000003,47,52,1.1063829787234043,9.66808510638298,2
170,2018-11-01,377.4,41,43,1.048780487804878,9.204878048780488,2
170,2018-12-01,305,32,33,1.03125,9.53125,2
170,2019-01-01,373,42,44,1.0476190476190477,8.880952380952381,1.9772727272727273
170,2019-02-01,236.8,27,28,1.037037037037037,8.77037037037037,2
170,2019-03-01,262,29,29,1,9.03448275862069,2
170,2019-04-01,265,28,29,1.0357142857142858,9.464285714285714,2
170,2019-05-01,327.4,37,38,1.027027027027027,8.848648648648648,1.8421052631578947
170,2019-06-01,389.4,44,46,1.0454545454545454,8.85,2
171,2018-07-01,302.2,33,33,1,9.157575757575756,2.0606060606060606
171,2018-08-01,394.2,45,47,1.0444444444444445,8.76,1.9361702127659575
171,2018-09-01,405.7,48,48,1,8.452083333333333,1.9791666666666667
171,2018-10-01,423.2,44,50,1.1363636363636365,9.618181818181817,2
171,2018-11-01,409.2,48,50,1.0416666666666667,8.525,2
171,2018-12-01,448.4,49,52,1.0612244897959184,9.151020408163264,2
171,2019-01-01,351.6,38,41,1.0789473684210527,9.25263157894737,2
171,2019-02-01,398.7,44,46,1.0454545454545454,9.061363636363636,1.9782608695652173
171,2019-03-01,456.2,48,51,1.0625,9.504166666666666,2
171,2019-04-01,363.6,40,42,1.05,9.09,2
171,2019-05-01,404.7,49,50,1.0204081632653061,8.259183673469387,1.84
171,2019-06-01,368.2,40,43,1.075,9.205,1.9534883720930232
172,2018-07-01,820.8,89,117,1.3146067415730338,9.22247191011236,2
172,2018-08-01,758,90,120,1.3333333333333333,8.422222222222222,1.8916666666666666
172,2018-09-01,816.4,86,112,1.302325581395349,9.493023255813954,2
172,2018-10-01,1040.8,114,154,1.3508771929824561,9.129824561403508,2.012987012987013
172,2018-11-01,851.4,98,125,1.2755102040816326,8.687755102040816,2.032
172,2018-12-01,928.8,104,129,1.2403846153846154,8.930769230769231,2.0155038759689923
172,2019-01-01,897.2,93,123,1.3225806451612903,9.64731182795699,2.048780487804878
172,2019-02-01,918.4,94,126,1.3404255319148937,9.770212765957446,2.015873015873016
172,2019-03-01,727.2,92,109,1.184782608695652,7.904347826086957,2.018348623853211
172,2019-04-01,903,99,130,1.3131313131313131,9.121212121212121,2.0153846153846153
172,2019-05-01,811.6,99,121,1.2222222222222223,8.197979797979798,1.9504132231404958
172,2019-06-01,1072,113,148,1.3097345132743363,9.486725663716815,2
173,2018-07-01,451,49,52,1.0612244897959184,9.204081632653061,2
173,2018-08-01,565.75,66,72,1.0909090909090908,8.571969696969697,1.7638888888888888
173,2018-09-01,349,40,41,1.025,8.725,2
173,2018-10-01,524.2,53,57,1.0754716981132075,9.89056603773585,2
173,2018-11-01,443.8,48,51,1.0625,9.245833333333334,2
173,2018-12-01,505.2,56,59,1.0535714285714286,9.02142857142857,2
173,2019-01-01,458.6,48,52,1.0833333333333333,9.554166666666667,2
173,2019-02-01,332.4,36,40,1.1111111111111112,9.233333333333333,2.05
173,2019-03-01,557.8,54,62,1.1481481481481481,10.329629629629629,2.032258064516129
173,2019-04-01,553.6,58,64,1.103448275862069,9.544827586206896,2
173,2019-05-01,457,47,52,1.1063829787234043,9.72340425531915,2
173,2019-06-01,504.40000000000003,54,57,1.0555555555555556,9.340740740740742,2
174,2018-07-01,337.6,39,40,1.0256410256410255,8.656410256410258,1.925
174,2018-08-01,483,50,53,1.06,9.66,1.9622641509433962
174,2018-09-01,258.4,27,29,1.0740740740740742,9.57037037037037,2
174,2018-10-01,347.6,35,38,1.0857142857142856,9.931428571428572,2.0526315789473686
174,2018-11-01,379.2,43,44,1.0232558139534884,8.81860465116279,1.9772727272727273
174,2018-12-01,337.4,35,38,1.0857142857142856,9.639999999999999,1.894736842105263
174,2019-01-01,391.1,39,41,1.0512820512820513,10.028205128205128,1.975609756097561
174,2019-02-01,501.3,50,55,1.1,10.026,1.981818181818182
174,2019-03-01,468.8,48,50,1.0416666666666667,9.766666666666667,2.04
174,2019-04-01,376,42,43,1.0238095238095237,8.952380952380953,2
174,2019-05-01,282.8,37,37,1,7.643243243243243,1.837837837837838
174,2019-06-01,414.6,42,47,1.119047619047619,9.871428571428572,2
175,2018-07-01,964.6,100,115,1.15,9.646,1.9217391304347826
175,2018-08-01,994.6,107,131,1.2242990654205608,9.29532710280374,1.7633587786259541
175,2018-09-01,901.9,95,108,1.1368421052631579,9.493684210526316,1.8518518518518519
175,2018-10-01,880.9,92,103,1.1195652173913044,9.575,1.8932038834951457
175,2018-11-01,746.6,77,93,1.2077922077922079,9.696103896103896,1.89247311827957
175,2018-12-01,1171.7,115,137,1.191304347826087,10.188695652173914,1.9343065693430657
175,2019-01-01,1109.9,113,131,1.1592920353982301,9.82212389380531,1.916030534351145
175,2019-02-01,904.6,92,106,1.1521739130434783,9.832608695652175,1.8867924528301887
175,2019-03-01,898.4,102,108,1.0588235294117647,8.8078431372549,1.8888888888888888
175,2019-04-01,1041.3,105,123,1.1714285714285715,9.917142857142856,1.8780487804878048
175,2019-05-01,1036,106,122,1.150943396226415,9.773584905660377,1.8688524590163935
175,2019-06-01,1117.8,110,133,1.209090909090909,10.161818181818182,1.8796992481203008
176,2018-07-01,287.2,51,53,1.0392156862745099,5.631372549019607,1.4150943396226414
176,2018-08-01,147.1,33,33,1,4.457575757575757,1.393939393939394
176,2018-09-01,195.4,44,44,1,4.440909090909091,1.3409090909090908
176,2018-10-01,246,53,53,1,4.6415094339622645,1.3018867924528301
176,2018-11-01,177.1,37,40,1.0810810810810811,4.786486486486487,1.325
176,2018-12-01,231.6,38,39,1.0263157894736843,6.094736842105263,1.5384615384615385
176,2019-01-01,187.20000000000002,35,38,1.0857142857142856,5.348571428571429,1.5
176,2019-02-01,248.7,42,44,1.0476190476190477,5.921428571428571,1.5227272727272727
176,2019-03-01,246.4,48,48,1,5.133333333333334,1.5
176,2019-04-01,227.4,49,52,1.0612244897959184,4.640816326530612,1.3269230769230769
176,2019-05-01,289.5,47,50,1.0638297872340425,6.159574468085107,1.62
176,2019-06-01,269.3,51,54,1.0588235294117647,5.280392156862745,1.4444444444444444
177,2018-07-01,9.6,3,3,1,3.1999999999999997,1
177,2018-08-01,23.7,7,7,1,3.3857142857142857,1
177,2018-09-01,21.6,5,5,1,4.32,1.2
177,2018-10-01,2.7,1,1,1,2.7,1
177,2018-11-01,39.300000000000004,10,10,1,3.9300000000000006,1.2
177,2018-12-01,5.3,2,2,1,2.65,1
177,2019-01-01,31.7,9,9,1,3.522222222222222,1
177,2019-02-01,13.7,3,3,1,4.566666666666666,1
177,2019-03-01,18,4,4,1,4.5,1
177,2019-04-01,1.5,1,1,1,1.5,1
177,2019-05-01,13.899999999999999,3,3,1,4.633333333333333,1
177,2019-06-01,30.2,8,8,1,3.775,1
178,2018-07-01,952,107,131,1.2242990654205608,8.897196261682243,2.015267175572519
178,2018-08-01,915.5,108,133,1.2314814814814814,8.476851851851851,1.9022556390977443
178,2018-09-01,954.4,101,128,1.2673267326732673,9.449504950495049,2.078125
178,2018-10-01,962.6,102,141,1.3823529411764706,9.437254901960785,2.0567375886524824
178,2018-11-01,975.6,111,138,1.2432432432432432,8.78918918918919,2.0144927536231885
178,2018-12-01,947.2,101,134,1.3267326732673268,9.37821782178218,2.014925373134328
178,2019-01-01,837.2,95,118,1.2421052631578948,8.81263157894737,2.0677966101694913
178,2019-02-01,1088.8,107,145,1.355140186915888,10.175700934579439,2.027586206896552
178,2019-03-01,998.8,114,143,1.2543859649122806,8.761403508771929,2
178,2019-04-01,1059.8,117,148,1.264957264957265,9.058119658119658,2.027027027027027
178,2019-05-01,888,102,131,1.2843137254901962,8.705882352941176,1.9083969465648856
178,2019-06-01,722.6,92,108,1.173913043478261,7.854347826086957,2
179,2018-07-01,934,99,131,1.3232323232323233,9.434343434343434,2.0381679389312977
179,2018-08-01,961.9,106,143,1.349056603773585,9.074528301886792,1.9230769230769231
179,2018-09-01,875,97,121,1.2474226804123711,9.02061855670103,2.0330578512396693
179,2018-10-01,999.2,105,141,1.3428571428571427,9.516190476190477,2
179,2018-11-01,1071.2,109,150,1.3761467889908257,9.827522935779816,2
179,2018-12-01,786.2,85,108,1.2705882352941176,9.249411764705883,2.037037037037037
179,2019-01-01,1085,110,146,1.3272727272727274,9.863636363636363,2.041095890410959
179,2019-02-01,1046.2,112,148,1.3214285714285714,9.341071428571428,2
179,2019-03-01,1112.4,129,166,1.2868217054263567,8.62325581395349,2
179,2019-04-01,1054.2,107,149,1.3925233644859814,9.85233644859813,2.0134228187919465
179,2019-05-01,1022.2,112,156,1.3928571428571428,9.126785714285715,1.9423076923076923
179,2019-06-01,917.2,100,128,1.28,9.172,2.015625
180,2018-07-01,816.6,93,121,1.3010752688172043,8.780645161290323,2.0165289256198347
180,2018-08-01,788.5,108,131,1.212962962962963,7.300925925925926,1.8549618320610688
180,2018-09-01,911.4,101,131,1.297029702970297,9.023762376237624,2
180,2018-10-01,871.4,95,121,1.2736842105263158,9.172631578947367,2.0165289256198347
180,2018-11-01,793.4,98,113,1.153061224489796,8.095918367346938,2.017699115044248
180,2018-12-01,995,105,141,1.3428571428571427,9.476190476190476,2
180,2019-01-01,1089.4,108,152,1.4074074074074074,10.087037037037037,2.026315789473684
180,2019-02-01,839.6,97,119,1.2268041237113403,8.655670103092783,2
180,2019-03-01,941,99,131,1.3232323232323233,9.505050505050505,2.015267175572519
180,2019-04-01,964.4,106,136,1.2830188679245282,9.09811320754717,2
180,2019-05-01,896.6,103,133,1.2912621359223302,8.70485436893204,1.9022556390977443
180,2019-06-01,965.2,105,139,1.3238095238095238,9.192380952380953,2.014388489208633
181,2018-07-01,1379.9,130,157,1.2076923076923076,10.614615384615385,1.980891719745223
181,2018-08-01,1040.75,112,129,1.1517857142857142,9.292410714285714,1.8449612403100775
181,2018-09-01,1114.4,115,130,1.1304347826086956,9.690434782608696,1.976923076923077
181,2018-10-01,1289.9,124,145,1.1693548387096775,10.40241935483871,2.0206896551724136
181,2018-11-01,1203.2,112,139,1.2410714285714286,10.742857142857144,1.9712230215827338
181,2018-12-01,1200,118,138,1.1694915254237288,10.169491525423728,1.9710144927536233
181,2019-01-01,1153.9,104,129,1.2403846153846154,11.095192307692308,1.9844961240310077
181,2019-02-01,1089.4,108,121,1.1203703703703705,10.087037037037037,2.0330578512396693
181,2019-03-01,1291.8,116,146,1.2586206896551724,11.136206896551723,1.9794520547945205
181,2019-04-01,1072.3,106,120,1.1320754716981132,10.116037735849057,1.9833333333333334
181,2019-05-01,1063.8,107,124,1.158878504672897,9.942056074766354,1.9516129032258065
181,2019-06-01,1209.1,112,136,1.2142857142857142,10.795535714285714,1.9926470588235294
182,2018-07-01,388.4,44,44,1,8.827272727272726,2
182,2018-08-01,461.9,51,55,1.0784313725490196,9.056862745098039,1.8363636363636364
182,2018-09-01,423.4,44,48,1.0909090909090908,9.622727272727273,2
182,2018-10-01,373.8,41,42,1.024390243902439,9.117073170731707,2
182,2018-11-01,464,48,51,1.0625,9.666666666666666,2
182,2018-12-01,327.2,35,38,1.0857142857142856,9.348571428571429,2
182,2019-01-01,394.4,45,46,1.0222222222222221,8.764444444444443,1.9782608695652173
182,2019-02-01,269.7,31,32,1.032258064516129,8.7,1.9375
182,2019-03-01,306.7,34,36,1.0588235294117647,9.020588235294117,1.9722222222222223
182,2019-04-01,397.8,43,44,1.0232558139534884,9.251162790697675,2
182,2019-05-01,389.8,43,46,1.069767441860465,9.065116279069768,1.8695652173913044
182,2019-06-01,292.8,33,34,1.0303030303030303,8.872727272727273,2
183,2018-07-01,870.2,96,123,1.28125,9.064583333333333,2
183,2018-08-01,707.4,88,111,1.2613636363636365,8.038636363636364,1.8468468468468469
183,2018-09-01,810,86,109,1.2674418604651163,9.418604651162791,2
183,2018-10-01,813.8,94,118,1.2553191489361701,8.657446808510638,2.016949152542373
183,2018-11-01,804.2,94,114,1.2127659574468086,8.55531914893617,2
183,2018-12-01,902.4,105,135,1.2857142857142858,8.594285714285714,2.0148148148148146
183,2019-01-01,900.6,101,128,1.2673267326732673,8.916831683168317,2.03125
183,2019-02-01,744.8,89,104,1.1685393258426966,8.368539325842697,2
183,2019-03-01,809.6,99,120,1.2121212121212122,8.177777777777777,2.0166666666666666
183,2019-04-01,871.2,102,125,1.2254901960784315,8.541176470588235,2.016
183,2019-05-01,819.8,102,121,1.1862745098039216,8.037254901960784,1.9421487603305785
183,2019-06-01,923.6,91,125,1.3736263736263736,10.149450549450549,2.032
184,2018-07-01,983.8,105,141,1.3428571428571427,9.369523809523809,2.028368794326241
184,2018-08-01,874.4,100,127,1.27,8.744,1.952755905511811
184,2018-09-01,873,96,125,1.3020833333333333,9.09375,2.016
184,2018-10-01,895.2,106,128,1.2075471698113207,8.445283018867926,2.015625
184,2018-11-01,869.2,93,118,1.2688172043010753,9.346236559139786,2.0338983050847457
184,2018-12-01,900,95,130,1.368421052631579,9.473684210526315,2
184,2019-01-01,913.4,93,128,1.3763440860215055,9.821505376344085,2
184,2019-02-01,827,85,116,1.3647058823529412,9.729411764705882,2.0517241379310347
184,2019-03-01,964.8000000000001,107,135,1.2616822429906542,9.016822429906542,2.0296296296296297
184,2019-04-01,959.2,104,138,1.3269230769230769,9.223076923076924,2
184,2019-05-01,959.95,113,144,1.2743362831858407,8.495132743362833,1.8680555555555556
184,2019-06-01,917.6,89,126,1.4157303370786516,10.310112359550562,2.0634920634920637
185,2018-07-01,225.6,41,44,1.0731707317073171,5.5024390243902435,1.4090909090909092
185,2018-08-01,276.3,54,55,1.0185185185185186,5.116666666666667,1.3454545454545455
185,2018-09-01,196.9,39,42,1.0769230769230769,5.0487179487179485,1.3571428571428572
185,2018-10-01,216.1,40,41,1.025,5.4025,1.5365853658536586
185,2018-11-01,202.3,42,42,1,4.816666666666667,1.4047619047619047
185,2018-12-01,206.2,40,42,1.05,5.154999999999999,1.380952380952381
185,2019-01-01,261.1,50,52,1.04,5.222,1.5
185,2019-02-01,217.8,40,43,1.075,5.445,1.3953488372093024
185,2019-03-01,245.3,48,51,1.0625,5.110416666666667,1.3529411764705883
185,2019-04-01,283.6,56,59,1.0535714285714286,5.064285714285715,1.4406779661016949
185,2019-05-01,314.6,57,60,1.0526315789473684,5.519298245614036,1.4833333333333334
185,2019-06-01,222.8,45,46,1.0222222222222221,4.9511111111111115,1.4565217391304348
186,2018-07-01,141.3,31,33,1.064516129032258,4.558064516129033,1.303030303030303
186,2018-08-01,144.70000000000002,30,32,1.0666666666666667,4.823333333333334,1.34375
186,2018-09-01,174.5,33,35,1.0606060606060606,5.287878787878788,1.4
186,2018-10-01,164.6,33,35,1.0606060606060606,4.987878787878787,1.3428571428571427
186,2018-11-01,169,41,41,1,4.121951219512195,1.146341463414634
186,2018-12-01,157.4,36,37,1.0277777777777777,4.372222222222223,1.2702702702702702
186,2019-01-01,181.6,42,43,1.0238095238095237,4.3238095238095235,1.2325581395348837
186,2019-02-01,118.6,31,31,1,3.825806451612903,1.1935483870967742
186,2019-03-01,132.2,31,31,1,4.264516129032257,1.1935483870967742
186,2019-04-01,147.9,32,32,1,4.621875,1.34375
186,2019-05-01,195.3,38,39,1.0263157894736843,5.139473684210526,1.3333333333333333
186,2019-06-01,179.6,37,40,1.0810810810810811,4.854054054054054,1.2
187,2018-07-01,253.9,39,42,1.0769230769230769,6.51025641025641,1.4047619047619047
187,2018-08-01,214.3,36,37,1.0277777777777777,5.952777777777778,1.4594594594594594
187,2018-09-01,276.1,37,41,1.1081081081081081,7.462162162162163,1.4634146341463414
187,2018-10-01,181.4,25,27,1.08,7.256,1.5185185185185186
187,2018-11-01,327.9,48,54,1.125,6.83125,1.4444444444444444
187,2018-12-01,264.4,37,38,1.027027027027027,7.145945945945945,1.5789473684210527
187,2019-01-01,184.2,30,31,1.0333333333333334,6.14,1.3548387096774193
187,2019-02-01,246.5,38,40,1.0526315789473684,6.4868421052631575,1.375
187,2019-03-01,247.20000000000002,39,40,1.0256410256410255,6.338461538461539,1.4
187,2019-04-01,240.2,36,38,1.0555555555555556,6.672222222222222,1.4210526315789473
187,2019-05-01,218.3,35,37,1.0571428571428572,6.2371428571428575,1.3783783783783783
187,2019-06-01,255.3,36,38,1.0555555555555556,7.091666666666667,1.5
188,2018-07-01,234.4,35,37,1.0571428571428572,6.6971428571428575,1.7837837837837838
188,2018-08-01,210.3,37,37,1,5.683783783783784,1.5945945945945945
188,2018-09-01,280.8,44,50,1.1363636363636365,6.381818181818182,1.64
188,2018-10-01,246.3,39,40,1.0256410256410255,6.315384615384616,1.675
188,2018-11-01,236.8,46,47,1.0217391304347827,5.147826086956522,1.6595744680851063
188,2018-12-01,266.8,44,47,1.0681818181818181,6.0636363636363635,1.6808510638297873
188,2019-01-01,208.1,35,35,1,5.945714285714286,1.7142857142857142
188,2019-02-01,266.1,40,42,1.05,6.652500000000001,1.8333333333333333
188,2019-03-01,318.3,52,54,1.0384615384615385,6.121153846153846,1.6666666666666667
188,2019-04-01,320.6,49,52,1.0612244897959184,6.542857142857144,1.7115384615384615
188,2019-05-01,284.5,44,49,1.1136363636363635,6.465909090909091,1.7959183673469388
188,2019-06-01,213,39,39,1,5.461538461538462,1.641025641025641
189,2018-07-01,137.5,35,39,1.1142857142857143,3.9285714285714284,1
189,2018-08-01,151.8,28,30,1.0714285714285714,5.421428571428572,1.4333333333333333
189,2018-09-01,99.3,28,29,1.0357142857142858,3.5464285714285713,1
189,2018-10-01,142.3,35,37,1.0571428571428572,4.065714285714286,1.054054054054054
189,2018-11-01,110.8,33,34,1.0303030303030303,3.3575757575757574,1
189,2018-12-01,95.39999999999999,25,25,1,3.816,1
189,2019-01-01,113,29,31,1.0689655172413792,3.896551724137931,1.032258064516129
189,2019-02-01,83.5,24,25,1.0416666666666667,3.4791666666666665,1
189,2019-03-01,122.8,33,33,1,3.721212121212121,1
189,2019-04-01,100.5,25,27,1.08,4.02,1.037037037037037
189,2019-05-01,131.6,35,36,1.0285714285714285,3.76,1.3055555555555556
189,2019-06-01,98.4,28,29,1.0357142857142858,3.5142857142857147,1
190,2018-07-01,829.4,98,118,1.2040816326530612,8.463265306122448,2.016949152542373
190,2018-08-01,817.8,103,122,1.1844660194174756,7.939805825242718,1.8852459016393444
190,2018-09-01,911.8,105,129,1.2285714285714286,8.683809523809524,2.0155038759689923
190,2018-10-01,773.8,93,111,1.1935483870967742,8.320430107526882,2.018018018018018
190,2018-11-01,790,83,109,1.3132530120481927,9.518072289156626,2.036697247706422
190,2018-12-01,721,82,100,1.2195121951219512,8.792682926829269,2
190,2019-01-01,830.8,94,122,1.297872340425532,8.838297872340425,2.0163934426229506
190,2019-02-01,836,98,119,1.2142857142857142,8.53061224489796,2.0168067226890756
190,2019-03-01,946,113,136,1.2035398230088497,8.371681415929203,2.0441176470588234
190,2019-04-01,787.6,93,112,1.2043010752688172,8.468817204301075,2.017857142857143
190,2019-05-01,990.6,105,139,1.3238095238095238,9.434285714285714,1.9496402877697843
190,2019-06-01,649.4,79,94,1.1898734177215189,8.220253164556961,2.021276595744681
191,2018-07-01,826.2,100,118,1.18,8.262,2
191,2018-08-01,861.4,100,127,1.27,8.613999999999999,1.952755905511811
191,2018-09-01,803.2,91,112,1.2307692307692308,8.826373626373627,2.017857142857143
191,2018-10-01,816.6,81,110,1.3580246913580247,10.081481481481482,2.036363636363636
191,2018-11-01,896.2,107,131,1.2242990654205608,8.37570093457944,2.030534351145038
191,2018-12-01,897.4,98,126,1.2857142857142858,9.157142857142857,2.0317460317460316
191,2019-01-01,851.6,98,120,1.2244897959183674,8.689795918367347,2
191,2019-02-01,848.8,96,113,1.1770833333333333,8.841666666666667,2.0353982300884956
191,2019-03-01,965.4,99,135,1.3636363636363635,9.751515151515152,2.0148148148148146
191,2019-04-01,1008.8,94,138,1.4680851063829787,10.73191489361702,2.0579710144927534
191,2019-05-01,740.9,84,112,1.3333333333333333,8.820238095238095,1.9017857142857142
191,2019-06-01,888.2,92,116,1.2608695652173914,9.654347826086957,2.0172413793103448
192,2018-07-01,34.3,8,8,1,4.2875,1.25
192,2018-08-01,39,7,7,1,5.571428571428571,1.5714285714285714
192,2018-09-01,30.400000000000002,5,5,1,6.08,1.4
192,2018-10-01,17,4,4,1,4.25,1.75
192,2018-11-01,50.4,10,10,1,5.04,1.4
192,2018-12-01,58.199999999999996,11,12,1.0909090909090908,5.29090909090909,1.3333333333333333
192,2019-01-01,22.7,7,7,1,3.242857142857143,1.1428571428571428
192,2019-02-01,8.4,2,2,1,4.2,1.5
192,2019-03-01,23.3,6,6,1,3.8833333333333333,1.3333333333333333
192,2019-04-01,29.7,5,5,1,5.9399999999999995,1.6
192,2019-05-01,22.9,4,4,1,5.725,1.5
192,2019-06-01,25,3,3,1,8.333333333333334,2
193,2019-01-01,1.8,1,1,1,1.8,1
193,2019-02-01,7.6,1,1,1,7.6,2
193,2019-06-01,3.7,1,1,1,3.7,1
194,2018-07-01,1111.1,109,133,1.2201834862385321,10.193577981651375,1.9548872180451127
194,2018-08-01,941.65,105,115,1.0952380952380953,8.968095238095238,1.817391304347826
194,2018-09-01,1074.8,106,122,1.150943396226415,10.139622641509433,1.9836065573770492
194,2018-10-01,1208.3,118,134,1.1355932203389831,10.239830508474576,2.037313432835821
194,2018-11-01,1057.6,108,125,1.1574074074074074,9.792592592592591,1.968
194,2018-12-01,1259,119,141,1.184873949579832,10.579831932773109,1.9929078014184398
194,2019-01-01,1059.8,104,119,1.1442307692307692,10.190384615384614,1.9915966386554622
194,2019-02-01,957.9,98,111,1.1326530612244898,9.774489795918367,1.990990990990991
194,2019-03-01,1267.1,117,140,1.1965811965811965,10.829914529914529,1.9928571428571429
194,2019-04-01,807,80,95,1.1875,10.0875,1.9578947368421054
194,2019-05-01,1029.7,105,125,1.1904761904761905,9.806666666666667,1.872
194,2019-06-01,1262,120,142,1.1833333333333333,10.516666666666667,1.9788732394366197
195,2018-07-01,227.5,44,45,1.0227272727272727,5.170454545454546,1.488888888888889
195,2018-08-01,332.25,62,67,1.0806451612903225,5.358870967741935,1.507462686567164
195,2018-09-01,152.9,31,32,1.032258064516129,4.932258064516129,1.28125
195,2018-10-01,262.3,48,50,1.0416666666666667,5.464583333333334,1.44
195,2018-11-01,222.2,40,42,1.05,5.555,1.5238095238095237
195,2018-12-01,258,48,50,1.0416666666666667,5.375,1.44
195,2019-01-01,153.3,33,34,1.0303030303030303,4.6454545454545455,1.411764705882353
195,2019-02-01,185.5,34,35,1.0294117647058822,5.455882352941177,1.5714285714285714
195,2019-03-01,186.7,38,39,1.0263157894736843,4.913157894736842,1.4102564102564104
195,2019-04-01,181.7,39,40,1.0256410256410255,4.658974358974358,1.3
195,2019-05-01,261.3,54,56,1.037037037037037,4.8388888888888895,1.4642857142857142
195,2019-06-01,184.6,36,40,1.1111111111111112,5.127777777777777,1.425
196,2018-07-01,876.2,93,128,1.3763440860215055,9.421505376344086,2.03125
196,2018-08-01,848.7,96,122,1.2708333333333333,8.840625000000001,1.9426229508196722
196,2018-09-01,858.4,101,120,1.188118811881188,8.4990099009901,2.0166666666666666
196,2018-10-01,846,103,126,1.2233009708737863,8.21359223300971,2
196,2018-11-01,770.2,92,109,1.184782608695652,8.371739130434783,2.036697247706422
196,2018-12-01,1007.4,113,140,1.238938053097345,8.91504424778761,2.057142857142857
196,2019-01-01,919.4,98,125,1.2755102040816326,9.381632653061224,2.048
196,2019-02-01,732,81,105,1.2962962962962963,9.037037037037036,2.019047619047619
196,2019-03-01,980.8,102,130,1.2745098039215685,9.615686274509804,2.046153846153846
196,2019-04-01,906.6,95,127,1.3368421052631578,9.543157894736842,2
196,2019-05-01,901.3,99,132,1.3333333333333333,9.104040404040404,1.9621212121212122
196,2019-06-01,761.2,83,108,1.3012048192771084,9.171084337349399,2.037037037037037
197,2018-07-01,363.2,48,52,1.0833333333333333,7.566666666666666,1.9038461538461537
197,2018-08-01,294.4,47,48,1.0212765957446808,6.263829787234042,1.8125
197,2018-09-01,307.6,42,48,1.1428571428571428,7.323809523809524,1.8541666666666667
197,2018-10-01,351.2,52,54,1.0384615384615385,6.753846153846154,1.8333333333333333
197,2018-11-01,290.8,47,49,1.0425531914893618,6.187234042553191,1.8775510204081634
197,2018-12-01,394.2,56,58,1.0357142857142858,7.039285714285714,1.8620689655172413
197,2019-01-01,325.9,48,48,1,6.789583333333333,1.8541666666666667
197,2019-02-01,309.1,41,47,1.146341463414634,7.539024390243903,1.8085106382978724
197,2019-03-01,344.7,48,50,1.0416666666666667,7.1812499999999995,1.9
197,2019-04-01,262.2,39,42,1.0769230769230769,6.723076923076923,1.8333333333333333
197,2019-05-01,281,48,51,1.0625,5.854166666666667,1.7058823529411764
197,2019-06-01,358.4,48,51,1.0625,7.466666666666666,1.8235294117647058
198,2018-07-01,20.3,4,4,1,5.075,1.5
198,2018-08-01,10.7,2,2,1,5.35,1.5
198,2018-09-01,20.7,5,5,1,4.14,1.4
198,2018-10-01,26.2,3,3,1,8.733333333333333,2
198,2018-11-01,34.3,6,6,1,5.716666666666666,1.3333333333333333
198,2018-12-01,24,3,3,1,8,1.6666666666666667
198,2019-01-01,19.200000000000003,3,3,1,6.400000000000001,1.6666666666666667
198,2019-02-01,11.8,2,2,1,5.9,2
198,2019-03-01,19.9,4,4,1,4.975,1.5
198,2019-04-01,23.3,6,6,1,3.8833333333333333,1.1666666666666667
198,2019-05-01,28.5,6,6,1,4.75,1.1666666666666667
198,2019-06-01,13.8,3,3,1,4.6000000000000005,1.3333333333333333
199,2018-07-01,1299.6,122,145,1.1885245901639345,10.652459016393442,2.0206896551724136
199,2018-08-01,1194.8,121,143,1.1818181818181819,9.874380165289256,1.8741258741258742
199,2018-09-01,1143.8,106,127,1.1981132075471699,10.790566037735848,2.0551181102362204
199,2018-10-01,1323.8,120,143,1.1916666666666667,11.031666666666666,2.027972027972028
199,2018-11-01,1131.4,116,130,1.1206896551724137,9.75344827586207,2
199,2018-12-01,1326.2,119,149,1.2521008403361344,11.144537815126052,2.0201342281879193
199,2019-01-01,1234.8,119,140,1.1764705882352942,10.376470588235295,2.0142857142857142
199,2019-02-01,1233,122,137,1.1229508196721312,10.10655737704918,2.0437956204379564
199,2019-03-01,1336.4,124,151,1.217741935483871,10.77741935483871,2.013245033112583
199,2019-04-01,1182.6,110,131,1.190909090909091,10.75090909090909,2.015267175572519
199,2019-05-01,1190.4,114,140,1.2280701754385965,10.442105263157895,1.9357142857142857
199,2019-06-01,1200.2,110,135,1.2272727272727273,10.910909090909092,1.9925925925925927
200,2018-07-01,497.2,56,58,1.0357142857142858,8.878571428571428,2
200,2018-08-01,681.3,71,82,1.1549295774647887,9.595774647887323,1.8414634146341464
200,2018-09-01,630.8,65,70,1.0769230769230769,9.704615384615384,2.057142857142857
200,2018-10-01,471.5,50,53,1.06,9.43,1.9811320754716981
200,2018-11-01,413.40000000000003,43,47,1.0930232558139534,9.613953488372093,2
200,2018-12-01,325.8,35,38,1.0857142857142856,9.30857142857143,2
200,2019-01-01,498,53,57,1.0754716981132075,9.39622641509434,1.9824561403508771
200,2019-02-01,355,40,42,1.05,8.875,2
200,2019-03-01,360.4,39,41,1.0512820512820513,9.24102564102564,1.975609756097561
200,2019-04-01,358.4,39,41,1.0512820512820513,9.189743589743589,2
200,2019-05-01,408.4,45,48,1.0666666666666667,9.075555555555555,1.9166666666666667
200,2019-06-01,544.4,59,62,1.0508474576271187,9.227118644067795,2
201,2018-07-01,1107.2,119,127,1.0672268907563025,9.30420168067227,1.9921259842519685
201,2018-08-01,1118.9,112,132,1.1785714285714286,9.990178571428572,1.9318181818181819
201,2018-09-01,1160.2,107,132,1.233644859813084,10.842990654205607,2
201,2018-10-01,1244.6,122,143,1.1721311475409837,10.201639344262293,1.986013986013986
201,2018-11-01,1248.9,127,141,1.110236220472441,9.833858267716536,1.9858156028368794
201,2018-12-01,1182.1,117,135,1.1538461538461537,10.103418803418803,1.9851851851851852
201,2019-01-01,1133.5,107,129,1.205607476635514,10.593457943925234,1.9922480620155039
201,2019-02-01,1139.2,111,128,1.1531531531531531,10.263063063063063,1.9921875
201,2019-03-01,1364.2,130,152,1.1692307692307693,10.493846153846155,1.980263157894737
201,2019-04-01,1246.6,122,146,1.1967213114754098,10.218032786885246,1.9863013698630136
201,2019-05-01,1094.8,115,135,1.173913043478261,9.52,1.9185185185185185
201,2019-06-01,1258.5,126,149,1.1825396825396826,9.988095238095237,1.9865771812080537
202,2018-07-01,628.2,65,71,1.0923076923076922,9.664615384615386,2
202,2018-08-01,478.3,46,50,1.0869565217391304,10.397826086956522,2.22
202,2018-09-01,516.4,53,59,1.1132075471698113,9.743396226415094,2
202,2018-10-01,507.2,55,60,1.0909090909090908,9.22181818181818,2
202,2018-11-01,471.6,51,54,1.0588235294117647,9.247058823529413,2
202,2018-12-01,461.2,49,52,1.0612244897959184,9.412244897959184,2
202,2019-01-01,465.2,49,52,1.0612244897959184,9.493877551020407,2
202,2019-02-01,454.8,50,53,1.06,9.096,2
202,2019-03-01,441.4,49,51,1.0408163265306123,9.008163265306122,2
202,2019-04-01,499.2,54,58,1.0740740740740742,9.244444444444444,2
202,2019-05-01,468.35,48,54,1.125,9.757291666666667,1.9814814814814814
202,2019-06-01,599.2,63,68,1.0793650793650793,9.511111111111111,2
203,2018-07-01,1266.8,115,142,1.2347826086956522,11.015652173913043,2.0140845070422535
203,2018-08-01,1216.8,119,146,1.226890756302521,10.225210084033613,1.917808219178082
203,2018-09-01,1266.8,121,142,1.1735537190082646,10.469421487603306,2.0140845070422535
203,2018-10-01,1302.7,118,146,1.2372881355932204,11.039830508474576,2.0205479452054793
203,2018-11-01,1357,123,150,1.2195121951219512,11.032520325203253,2.013333333333333
203,2018-12-01,1336.6,132,148,1.121212121212121,10.125757575757575,2.0135135135135136
203,2019-01-01,1197,114,134,1.1754385964912282,10.5,2.029850746268657
203,2019-02-01,1123,114,127,1.1140350877192982,9.850877192982455,2
203,2019-03-01,1164.8,114,130,1.1403508771929824,10.217543859649123,2.0153846153846153
203,2019-04-01,982.8,97,113,1.1649484536082475,10.131958762886597,2
203,2019-05-01,1115.1,114,135,1.1842105263157894,9.78157894736842,1.8666666666666667
203,2019-06-01,1222.2,112,137,1.2232142857142858,10.9125,2
204,2018-07-01,40.4,6,6,1,6.733333333333333,1.8333333333333333
204,2018-08-01,39.9,7,7,1,5.7,1.7142857142857142
204,2018-09-01,57.4,8,8,1,7.175,1.75
204,2018-10-01,35.4,5,5,1,7.08,1.8
204,2018-11-01,45.7,6,6,1,7.616666666666667,1.8333333333333333
204,2018-12-01,33.6,5,5,1,6.720000000000001,1.8
204,2019-01-01,29,4,4,1,7.25,2
204,2019-02-01,11.4,2,2,1,5.7,2
204,2019-03-01,46.4,8,8,1,5.8,1.625
204,2019-04-01,23.200000000000003,3,3,1,7.733333333333334,2
204,2019-05-01,58.6,9,9,1,6.511111111111111,1.8888888888888888
204,2019-06-01,35,5,5,1,7,2
205,2018-07-01,320.6,49,51,1.0408163265306123,6.542857142857144,1.6666666666666667
205,2018-08-01,283.6,46,48,1.0434782608695652,6.165217391304348,1.6875
205,2018-09-01,215.5,32,35,1.09375,6.734375,1.6285714285714286
205,2018-10-01,274.7,42,44,1.0476190476190477,6.54047619047619,1.7045454545454546
205,2018-11-01,224.2,36,37,1.0277777777777777,6.227777777777778,1.5945945945945945
205,2018-12-01,219.5,36,36,1,6.097222222222222,1.6666666666666667
205,2019-01-01,256.1,44,46,1.0454545454545454,5.820454545454546,1.6521739130434783
205,2019-02-01,171.8,31,31,1,5.541935483870968,1.6129032258064515
205,2019-03-01,331.1,52,55,1.0576923076923077,6.367307692307692,1.7272727272727273
205,2019-04-01,195.1,31,33,1.064516129032258,6.293548387096774,1.6666666666666667
205,2019-05-01,246.7,47,50,1.0638297872340425,5.248936170212766,1.5
205,2019-06-01,227.9,42,42,1,5.4261904761904765,1.5714285714285714
206,2018-07-01,3,1,1,1,3,1
206,2019-04-01,4.6,1,1,1,4.6,1
207,2018-07-01,934.2,104,134,1.2884615384615385,8.982692307692307,2.029850746268657
207,2018-08-01,812.1,96,126,1.3125,8.459375,1.880952380952381
207,2018-09-01,773.2,91,112,1.2307692307692308,8.496703296703297,2
207,2018-10-01,920.6,100,127,1.27,9.206,2.015748031496063
207,2018-11-01,989.4,114,139,1.219298245614035,8.678947368421053,2
207,2018-12-01,812.4,95,119,1.2526315789473683,8.551578947368421,2.0168067226890756
207,2019-01-01,841.2,102,123,1.2058823529411764,8.247058823529413,2.016260162601626
207,2019-02-01,770.4,92,108,1.173913043478261,8.373913043478261,2.0185185185185186
207,2019-03-01,891.6,103,129,1.2524271844660195,8.65631067961165,2.0155038759689923
207,2019-04-01,869,100,127,1.27,8.69,2
207,2019-05-01,801.9,95,124,1.305263157894737,8.441052631578946,1.903225806451613
207,2019-06-01,901.2,103,127,1.233009708737864,8.749514563106796,2
208,2018-07-01,680.6,83,100,1.2048192771084338,8.200000000000001,2
208,2018-08-01,649.65,82,102,1.2439024390243902,7.9225609756097555,1.9019607843137254
208,2018-09-01,755.8,85,106,1.2470588235294118,8.891764705882352,2.018867924528302
208,2018-10-01,809.4,90,110,1.2222222222222223,8.993333333333332,2.018181818181818
208,2018-11-01,763.6,88,105,1.1931818181818181,8.677272727272728,2
208,2018-12-01,827.8,93,120,1.2903225806451613,8.901075268817204,2.033333333333333
208,2019-01-01,737.8,90,110,1.2222222222222223,8.197777777777777,2
208,2019-02-01,641.6,74,88,1.1891891891891893,8.67027027027027,2
208,2019-03-01,823.2,89,115,1.2921348314606742,9.249438202247191,2
208,2019-04-01,695.6,88,105,1.1931818181818181,7.904545454545455,2
208,2019-05-01,1064.1,104,151,1.4519230769230769,10.231730769230769,1.9337748344370862
208,2019-06-01,845.6,95,121,1.2736842105263158,8.901052631578947,2
209,2018-07-01,723.6,88,108,1.2272727272727273,8.222727272727273,2.0185185185185186
209,2018-08-01,769.5,85,109,1.2823529411764707,9.052941176470588,1.9541284403669725
209,2018-09-01,787.8,89,108,1.2134831460674158,8.851685393258427,2.0185185185185186
209,2018-10-01,785.6,91,115,1.2637362637362637,8.632967032967032,2
209,2018-11-01,762.8,89,107,1.202247191011236,8.570786516853932,2.0186915887850465
209,2018-12-01,1005.4,109,142,1.3027522935779816,9.223853211009175,2.0140845070422535
209,2019-01-01,906.2,100,123,1.23,9.062000000000001,2.048780487804878
209,2019-02-01,863.4,101,122,1.2079207920792079,8.548514851485148,2.0491803278688523
209,2019-03-01,814.8,90,110,1.2222222222222223,9.053333333333333,2.018181818181818
209,2019-04-01,665.8,76,100,1.3157894736842106,8.760526315789473,2.02
209,2019-05-01,761.6,96,117,1.21875,7.933333333333334,1.8803418803418803
209,2019-06-01,820.2,98,119,1.2142857142857142,8.369387755102041,2
210,2018-07-01,1210.4,114,139,1.219298245614035,10.617543859649123,1.9784172661870503
210,2018-08-01,994.4,103,121,1.174757281553398,9.654368932038835,1.8512396694214877
210,2018-09-01,1097.4,103,122,1.1844660194174756,10.654368932038835,2
210,2018-10-01,1093,104,123,1.1826923076923077,10.509615384615385,1.991869918699187
210,2018-11-01,1215.3,121,139,1.1487603305785123,10.043801652892562,1.9928057553956835
210,2018-12-01,1199.3,115,136,1.182608695652174,10.428695652173912,1.9926470588235294
210,2019-01-01,1221.8,115,137,1.191304347826087,10.624347826086955,2.0145985401459856
210,2019-02-01,927.5,92,104,1.1304347826086956,10.081521739130435,1.9903846153846154
210,2019-03-01,1263.7,119,140,1.1764705882352942,10.619327731092437,2.0142857142857142
210,2019-04-01,1239.1,123,142,1.1544715447154472,10.073983739837397,1.9859154929577465
210,2019-05-01,1048.35,104,129,1.2403846153846154,10.08028846153846,1.8372093023255813
210,2019-06-01,1179,113,133,1.176991150442478,10.43362831858407,1.962406015037594
211,2018-07-01,2.6,1,1,1,2.6,1
211,2019-04-01,2.6,1,1,1,2.6,1
212,2018-07-01,698.2,84,105,1.25,8.311904761904762,2
212,2018-08-01,659.6,79,93,1.1772151898734178,8.349367088607595,2.053763440860215
212,2018-09-01,768.4,83,108,1.3012048192771084,9.257831325301204,2.0185185185185186
212,2018-10-01,767.4,84,108,1.2857142857142858,9.135714285714286,2.037037037037037
212,2018-11-01,734.6,83,103,1.2409638554216869,8.850602409638554,2
212,2018-12-01,785.6,95,114,1.2,8.269473684210526,2
212,2019-01-01,636.2,78,89,1.141025641025641,8.156410256410258,2.044943820224719
212,2019-02-01,584.4,74,85,1.1486486486486487,7.897297297297297,2
212,2019-03-01,875.8,99,119,1.202020202020202,8.846464646464646,2.033613445378151
212,2019-04-01,779,96,117,1.21875,8.114583333333334,2
212,2019-05-01,784.3,91,113,1.2417582417582418,8.618681318681318,1.9469026548672566
212,2019-06-01,800.4,87,113,1.2988505747126438,9.2,2.017699115044248
213,2018-07-01,1098.4,113,149,1.3185840707964602,9.720353982300885,2.0134228187919465
213,2018-08-01,873.2,101,127,1.2574257425742574,8.645544554455446,1.937007874015748
213,2018-09-01,1079.2,123,154,1.2520325203252032,8.773983739837398,2.012987012987013
213,2018-10-01,902,100,127,1.27,9.02,2.015748031496063
213,2018-11-01,1181.2,127,165,1.2992125984251968,9.300787401574803,2.036363636363636
213,2018-12-01,1061.2,117,150,1.2820512820512822,9.07008547008547,2.013333333333333
213,2019-01-01,994,106,138,1.3018867924528301,9.377358490566039,2
213,2019-02-01,1045.4,116,142,1.2241379310344827,9.012068965517242,2.0140845070422535
213,2019-03-01,1113.2,117,149,1.2735042735042734,9.514529914529914,2.053691275167785
213,2019-04-01,1134.4,118,157,1.3305084745762712,9.613559322033899,2.0254777070063694
213,2019-05-01,885.6,101,129,1.2772277227722773,8.768316831683169,1.937984496124031
213,2019-06-01,996.8,104,139,1.3365384615384615,9.584615384615384,2.0431654676258995
214,2018-07-01,182.4,38,40,1.0526315789473684,4.8,1.425
214,2018-08-01,249.4,43,47,1.0930232558139534,5.8,1.5957446808510638
214,2018-09-01,218.6,46,47,1.0217391304347827,4.752173913043478,1.3829787234042554
214,2018-10-01,179.1,30,33,1.1,5.97,1.5454545454545454
214,2018-11-01,184.8,36,37,1.0277777777777777,5.133333333333334,1.4864864864864864
214,2018-12-01,267.3,43,47,1.0930232558139534,6.216279069767442,1.553191489361702
214,2019-01-01,232.5,46,51,1.108695652173913,5.054347826086956,1.3529411764705883
214,2019-02-01,209.5,44,47,1.0681818181818181,4.761363636363637,1.425531914893617
214,2019-03-01,286.5,52,55,1.0576923076923077,5.509615384615385,1.4363636363636363
214,2019-04-01,255.20000000000002,50,51,1.02,5.104,1.4313725490196079
214,2019-05-01,203,39,43,1.1025641025641026,5.205128205128205,1.3953488372093024
214,2019-06-01,252.1,48,49,1.0208333333333333,5.252083333333333,1.4489795918367347
215,2018-07-01,375.2,40,43,1.075,9.379999999999999,2.0232558139534884
215,2018-08-01,392.8,44,47,1.0681818181818181,8.927272727272728,1.872340425531915
215,2018-09-01,270.2,34,34,1,7.947058823529411,1.7941176470588236
215,2018-10-01,419.9,49,51,1.0408163265306123,8.56938775510204,1.9215686274509804
215,2018-11-01,426,46,50,1.0869565217391304,9.26086956521739,1.96
215,2018-12-01,421.9,49,50,1.0204081632653061,8.610204081632652,1.92
215,2019-01-01,402,49,50,1.0204081632653061,8.204081632653061,1.94
215,2019-02-01,325.6,39,41,1.0512820512820513,8.34871794871795,1.853658536585366
215,2019-03-01,365.3,39,44,1.1282051282051282,9.366666666666667,1.9545454545454546
215,2019-04-01,358,39,41,1.0512820512820513,9.179487179487179,1.951219512195122
215,2019-05-01,310.2,36,40,1.1111111111111112,8.616666666666667,1.775
215,2019-06-01,287.4,33,33,1,8.709090909090909,1.9393939393939394
216,2018-07-01,1130.4,119,140,1.1764705882352942,9.499159663865546,1.8357142857142856
216,2018-08-01,1042.6,109,127,1.165137614678899,9.565137614678898,1.8031496062992125
216,2018-09-01,1106.2,109,126,1.1559633027522935,10.14862385321101,1.9444444444444444
216,2018-10-01,1100.5,104,124,1.1923076923076923,10.58173076923077,1.9596774193548387
216,2018-11-01,1006.4,107,118,1.102803738317757,9.405607476635513,1.8983050847457628
216,2018-12-01,1151,119,142,1.1932773109243697,9.672268907563025,1.8380281690140845
216,2019-01-01,1069.1,120,132,1.1,8.909166666666666,1.8636363636363635
216,2019-02-01,1092.8,108,126,1.1666666666666667,10.118518518518519,1.9365079365079365
216,2019-03-01,1105.1,106,131,1.2358490566037736,10.425471698113206,1.9236641221374047
216,2019-04-01,1012.5,105,121,1.1523809523809523,9.642857142857142,1.9173553719008265
216,2019-05-01,905.2,105,118,1.1238095238095238,8.620952380952382,1.7796610169491525
216,2019-06-01,1271.3,122,147,1.2049180327868851,10.420491803278688,1.9251700680272108
217,2018-07-01,1329.8,117,148,1.264957264957265,11.365811965811966,2
217,2018-08-01,1073.1,99,123,1.2424242424242424,10.839393939393938,1.991869918699187
217,2018-09-01,1318.6,120,149,1.2416666666666667,10.988333333333333,2.0134228187919465
217,2018-10-01,1073.6,104,123,1.1826923076923077,10.323076923076922,2
217,2018-11-01,1240.8,106,140,1.320754716981132,11.70566037735849,2.0142857142857142
217,2018-12-01,1104.4,107,122,1.1401869158878504,10.321495327102804,2.0163934426229506
217,2019-01-01,1171,113,128,1.1327433628318584,10.36283185840708,2.015625
217,2019-02-01,923.2,90,104,1.1555555555555554,10.257777777777779,2.0384615384615383
217,2019-03-01,1119.8,110,127,1.1545454545454545,10.18,2.015748031496063
217,2019-04-01,1140.6,103,126,1.2233009708737863,11.07378640776699,2
217,2019-05-01,1282.5,130,153,1.176923076923077,9.865384615384615,1.9411764705882353
217,2019-06-01,1216.2,114,137,1.2017543859649122,10.66842105263158,2
218,2018-07-01,36.8,6,6,1,6.133333333333333,2
218,2018-08-01,83.9,11,11,1,7.627272727272728,1.8181818181818181
218,2018-09-01,23,5,5,1,4.6,1.6
218,2018-10-01,54.6,9,9,1,6.066666666666666,1.7777777777777777
218,2018-11-01,47.6,8,8,1,5.95,1.625
218,2019-01-01,38.2,7,7,1,5.457142857142857,2
218,2019-02-01,8.8,1,1,1,8.8,2
218,2019-03-01,38,5,5,1,7.6,1.8
218,2019-04-01,40.300000000000004,7,7,1,5.757142857142858,1.8571428571428572
218,2019-05-01,25,4,4,1,6.25,1.75
218,2019-06-01,22.8,4,4,1,5.7,2
219,2018-07-01,897.8,100,131,1.31,8.978,2
219,2018-08-01,790.1,95,121,1.2736842105263158,8.316842105263158,1.9008264462809918
219,2018-09-01,931,104,130,1.25,8.951923076923077,2.0307692307692307
219,2018-10-01,840.4,96,118,1.2291666666666667,8.754166666666666,2
219,2018-11-01,583.6,66,85,1.2878787878787878,8.842424242424244,2
219,2018-12-01,862.6,98,126,1.2857142857142858,8.802040816326532,2.0317460317460316
219,2019-01-01,848.6,99,123,1.2424242424242424,8.571717171717172,2
219,2019-02-01,818.8,96,122,1.2708333333333333,8.529166666666667,2
219,2019-03-01,765.6,88,108,1.2272727272727273,8.700000000000001,2.0185185185185186
219,2019-04-01,798.8,99,119,1.202020202020202,8.068686868686868,2
219,2019-05-01,858.9,102,131,1.2843137254901962,8.420588235294117,1.900763358778626
219,2019-06-01,775.4,86,108,1.255813953488372,9.016279069767442,2.0555555555555554
220,2018-07-01,244.1,47,48,1.0212765957446808,5.193617021276595,1.5
220,2018-08-01,275,42,45,1.0714285714285714,6.5476190476190474,1.5555555555555556
220,2018-09-01,219.3,42,44,1.0476190476190477,5.2214285714285715,1.4772727272727273
220,2018-10-01,293.4,59,61,1.0338983050847457,4.972881355932203,1.4426229508196722
220,2018-11-01,290.7,49,53,1.0816326530612246,5.93265306122449,1.4339622641509433
220,2018-12-01,227.4,47,47,1,4.8382978723404255,1.3617021276595744
220,2019-01-01,238.70000000000002,48,50,1.0416666666666667,4.972916666666667,1.38
220,2019-02-01,202.9,42,42,1,4.830952380952381,1.5
220,2019-03-01,269.3,51,55,1.0784313725490196,5.280392156862745,1.4363636363636363
220,2019-04-01,220.1,45,46,1.0222222222222221,4.891111111111111,1.4130434782608696
220,2019-05-01,259.6,52,53,1.0192307692307692,4.992307692307692,1.490566037735849
220,2019-06-01,267.7,46,51,1.108695652173913,5.819565217391304,1.4901960784313726
221,2018-07-01,956.3000000000001,106,129,1.2169811320754718,9.021698113207547,1.689922480620155
221,2018-08-01,921.5,110,123,1.1181818181818182,8.377272727272727,1.6991869918699187
221,2018-09-01,727.6,84,96,1.1428571428571428,8.661904761904761,1.6979166666666667
221,2018-10-01,942.5,106,129,1.2169811320754718,8.891509433962264,1.6511627906976745
221,2018-11-01,935.3,101,124,1.2277227722772277,9.26039603960396,1.6935483870967742
221,2018-12-01,934.7,104,119,1.1442307692307692,8.9875,1.7478991596638656
221,2019-01-01,922.6,104,117,1.125,8.871153846153847,1.7094017094017093
221,2019-02-01,736.9,89,98,1.101123595505618,8.279775280898876,1.6938775510204083
221,2019-03-01,851.7,101,113,1.118811881188119,8.432673267326733,1.6991150442477876
221,2019-04-01,805.9,96,110,1.1458333333333333,8.394791666666666,1.690909090909091
221,2019-05-01,764,91,106,1.164835164835165,8.395604395604396,1.6037735849056605
221,2019-06-01,831.7,98,115,1.1734693877551021,8.486734693877551,1.6
222,2018-07-01,944.6,107,130,1.2149532710280373,8.82803738317757,2.0153846153846153
222,2018-08-01,758,86,105,1.2209302325581395,8.813953488372093,1.9619047619047618
222,2018-09-01,914.8,94,126,1.3404255319148937,9.73191489361702,2.015873015873016
222,2018-10-01,920.6,97,126,1.2989690721649485,9.490721649484536,2.015873015873016
222,2018-11-01,840.4,94,122,1.297872340425532,8.940425531914894,2.0163934426229506
222,2018-12-01,832.2,91,120,1.3186813186813187,9.145054945054946,2.033333333333333
222,2019-01-01,763.4,89,109,1.2247191011235956,8.57752808988764,2.018348623853211
222,2019-02-01,739.6,90,107,1.1888888888888889,8.217777777777778,2
222,2019-03-01,845.6,94,122,1.297872340425532,8.995744680851065,2
222,2019-04-01,785.6,91,114,1.2527472527472527,8.632967032967032,2.017543859649123
222,2019-05-01,764.4,98,115,1.1734693877551021,7.8,1.9043478260869566
222,2019-06-01,679.4,78,90,1.1538461538461537,8.71025641025641,2.088888888888889
223,2018-07-01,930.4,97,127,1.309278350515464,9.591752577319587,2.047244094488189
223,2018-08-01,898.4,122,143,1.1721311475409837,7.363934426229508,1.8951048951048952
223,2018-09-01,994.8,119,145,1.218487394957983,8.359663865546219,2
223,2018-10-01,973.2,116,142,1.2241379310344827,8.389655172413793,2
223,2018-11-01,941.2,105,127,1.2095238095238094,8.963809523809525,2
223,2018-12-01,1004.8,113,143,1.2654867256637168,8.892035398230089,2
223,2019-01-01,923.4,104,133,1.2788461538461537,8.878846153846153,2
223,2019-02-01,967.6,114,142,1.2456140350877194,8.487719298245615,2.028169014084507
223,2019-03-01,865.2,103,128,1.2427184466019416,8.4,2
223,2019-04-01,944.8,112,138,1.2321428571428572,8.435714285714285,2
223,2019-05-01,857.35,99,124,1.2525252525252526,8.66010101010101,1.9193548387096775
223,2019-06-01,947,111,136,1.2252252252252251,8.531531531531531,2
224,2018-07-01,19.2,3,3,1,6.3999999999999995,1.6666666666666667
224,2018-08-01,44.5,7,7,1,6.357142857142857,1.7142857142857142
224,2018-09-01,11.8,2,2,1,5.9,2
224,2018-10-01,35.9,7,7,1,5.128571428571428,1.5714285714285714
224,2018-11-01,33.6,5,5,1,6.720000000000001,2
224,2018-12-01,20.5,5,5,1,4.1,1.6
224,2019-01-01,25.3,5,5,1,5.0600000000000005,1.8
224,2019-02-01,8.9,2,2,1,4.45,1.5
224,2019-03-01,39.7,9,9,1,4.411111111111111,1.3333333333333333
224,2019-04-01,40.3,6,6,1,6.716666666666666,1.8333333333333333
224,2019-05-01,62.800000000000004,9,9,1,6.977777777777778,1.7777777777777777
224,2019-06-01,50.4,7,7,1,7.2,2
225,2018-07-01,865,100,125,1.25,8.65,2
225,2018-08-01,833.4,93,119,1.2795698924731183,8.961290322580645,1.9915966386554622
225,2018-09-01,958.4,112,140,1.25,8.557142857142857,2.0142857142857142
225,2018-10-01,921.8,104,134,1.2884615384615385,8.863461538461538,2.014925373134328
225,2018-11-01,832.4,97,115,1.1855670103092784,8.581443298969072,2.017391304347826
225,2018-12-01,834.6,94,119,1.2659574468085106,8.87872340425532,2.0168067226890756
225,2019-01-01,845,94,118,1.2553191489361701,8.98936170212766,2.0338983050847457
225,2019-02-01,782.8,90,111,1.2333333333333334,8.697777777777777,2.036036036036036
225,2019-03-01,829,103,124,1.203883495145631,8.048543689320388,2.032258064516129
225,2019-04-01,1026.2,114,150,1.3157894736842106,9.001754385964913,2.04
225,2019-05-01,899.6,104,128,1.2307692307692308,8.65,1.9453125
225,2019-06-01,938.4,101,134,1.3267326732673268,9.29108910891089,2
226,2018-07-01,1470,135,167,1.237037037037037,10.88888888888889,2
226,2018-08-01,1860.05,128,149,1.1640625,14.531640625,3.248322147651007
226,2018-09-01,1430.8,132,160,1.2121212121212122,10.83939393939394,2
226,2018-10-01,1519,139,173,1.2446043165467626,10.928057553956835,2.0115606936416186
226,2018-11-01,1602.6,141,184,1.3049645390070923,11.36595744680851,2.010869565217391
226,2018-12-01,1659.6,150,188,1.2533333333333334,11.064,2.00531914893617
226,2019-01-01,1347.1,128,154,1.203125,10.52421875,2.0324675324675323
226,2019-02-01,1253,111,143,1.2882882882882882,11.288288288288289,2
226,2019-03-01,1561.6,133,168,1.263157894736842,11.741353383458646,2.011904761904762
226,2019-04-01,1494.6,140,171,1.2214285714285715,10.675714285714285,2.0233918128654973
226,2019-05-01,2180.9,141,181,1.2836879432624113,15.467375886524824,2.9889502762430937
226,2019-06-01,1526.2,144,172,1.1944444444444444,10.598611111111111,2
227,2018-07-01,885.8,102,130,1.2745098039215685,8.684313725490195,2.0153846153846153
227,2018-08-01,862.3,94,128,1.3617021276595744,9.173404255319149,1.8984375
227,2018-09-01,779,97,113,1.1649484536082475,8.030927835051546,2.0353982300884956
227,2018-10-01,1035.8,111,147,1.3243243243243243,9.331531531531532,2.0136054421768708
227,2018-11-01,894.8,99,127,1.2828282828282829,9.038383838383838,2.031496062992126
227,2018-12-01,892.8,102,121,1.1862745098039216,8.752941176470587,2.049586776859504
227,2019-01-01,986,109,138,1.2660550458715596,9.045871559633028,2.0144927536231885
227,2019-02-01,804.4,90,116,1.288888888888889,8.937777777777777,2.0344827586206895
227,2019-03-01,999.4,115,141,1.2260869565217392,8.690434782608696,2.028368794326241
227,2019-04-01,826.6,98,116,1.183673469387755,8.434693877551021,2.0344827586206895
227,2019-05-01,837.6,96,127,1.3229166666666667,8.725,1.9448818897637796
227,2019-06-01,818,92,117,1.2717391304347827,8.891304347826088,2.0683760683760686
228,2018-07-01,326.8,37,39,1.054054054054054,8.832432432432432,1.9487179487179487
228,2018-08-01,291.7,33,34,1.0303030303030303,8.83939393939394,1.8529411764705883
228,2018-09-01,351.9,43,44,1.0232558139534884,8.183720930232557,1.9318181818181819
228,2018-10-01,374.5,42,45,1.0714285714285714,8.916666666666666,1.9111111111111112
228,2018-11-01,439.7,48,52,1.0833333333333333,9.160416666666666,1.9038461538461537
228,2018-12-01,404.2,41,44,1.0731707317073171,9.858536585365853,1.9772727272727273
228,2019-01-01,257,30,30,1,8.566666666666666,1.9333333333333333
228,2019-02-01,318.8,33,35,1.0606060606060606,9.66060606060606,2
228,2019-03-01,415,48,48,1,8.645833333333334,1.9791666666666667
228,2019-04-01,407.1,45,47,1.0444444444444445,9.046666666666667,1.9574468085106382
228,2019-05-01,297.8,39,39,1,7.635897435897436,1.8205128205128205
228,2019-06-01,351.8,38,40,1.0526315789473684,9.257894736842106,1.95
229,2018-07-01,876,100,123,1.23,8.76,2.016260162601626
229,2018-08-01,757.8,95,117,1.231578947368421,7.976842105263158,1.9145299145299146
229,2018-09-01,916.8,101,127,1.2574257425742574,9.077227722772276,2.047244094488189
229,2018-10-01,837.6,97,126,1.2989690721649485,8.635051546391752,2
229,2018-11-01,824.2,93,120,1.2903225806451613,8.86236559139785,2
229,2018-12-01,914,96,126,1.3125,9.520833333333334,2.0317460317460316
229,2019-01-01,822.4,92,119,1.2934782608695652,8.939130434782609,2
229,2019-02-01,827.6,100,117,1.17,8.276,2.017094017094017
229,2019-03-01,1031.8,112,148,1.3214285714285714,9.2125,2
229,2019-04-01,914.6,101,128,1.2673267326732673,9.055445544554455,2.03125
229,2019-05-01,815.3,93,121,1.3010752688172043,8.766666666666666,1.9421487603305785
229,2019-06-01,879.8,95,120,1.263157894736842,9.261052631578947,2.0166666666666666
230,2018-07-01,976.8,113,144,1.2743362831858407,8.644247787610619,2
230,2018-08-01,1010.7,115,153,1.3304347826086957,8.788695652173914,1.8496732026143792
230,2018-09-01,929.5,102,135,1.3235294117647058,9.112745098039216,2.0074074074074075
230,2018-10-01,984.4,109,141,1.2935779816513762,9.031192660550458,2.0141843971631204
230,2018-11-01,942.2,100,129,1.29,9.422,2
230,2018-12-01,1018.2,116,143,1.2327586206896552,8.777586206896553,2.013986013986014
230,2019-01-01,1076.6,103,143,1.3883495145631068,10.452427184466018,2.013986013986014
230,2019-02-01,1156.6,121,161,1.3305785123966942,9.558677685950412,2.012422360248447
230,2019-03-01,976.8,114,140,1.2280701754385965,8.568421052631578,2.0142857142857142
230,2019-04-01,1073,114,153,1.3421052631578947,9.412280701754385,2.026143790849673
230,2019-05-01,1090,112,144,1.2857142857142858,9.732142857142858,2.0694444444444446
230,2019-06-01,1052.2,115,151,1.3130434782608695,9.149565217391304,2
231,2018-07-01,1102.5,111,122,1.0990990990990992,9.932432432432432,1.9836065573770492
231,2018-08-01,959.7,96,114,1.1875,9.996875000000001,1.894736842105263
231,2018-09-01,1130.4,108,128,1.1851851851851851,10.466666666666667,2
231,2018-10-01,1160.2,119,133,1.1176470588235294,9.749579831932774,1.9924812030075187
231,2018-11-01,1052.2,100,120,1.2,10.522,2.0166666666666666
231,2018-12-01,1184.2,119,133,1.1176470588235294,9.95126050420168,2.0150375939849625
231,2019-01-01,1104.8,114,125,1.0964912280701755,9.691228070175438,2
231,2019-02-01,1123.2,105,124,1.180952380952381,10.697142857142858,2.032258064516129
231,2019-03-01,1210.2,117,139,1.188034188034188,10.343589743589744,2
231,2019-04-01,983.8,98,111,1.1326530612244898,10.038775510204081,1.990990990990991
231,2019-05-01,1001.2,103,119,1.1553398058252426,9.720388349514563,1.915966386554622
231,2019-06-01,983.6,101,112,1.108910891089109,9.738613861386138,1.9821428571428572
232,2018-07-01,1026.7,106,144,1.3584905660377358,9.685849056603773,2.0347222222222223
232,2018-08-01,727.9,91,113,1.2417582417582418,7.998901098901099,1.9115044247787611
232,2018-09-01,939.8,98,130,1.3265306122448979,9.589795918367347,2.0153846153846153
232,2018-10-01,923.8,103,131,1.2718446601941749,8.968932038834952,2
232,2018-11-01,934.2,106,131,1.2358490566037736,8.813207547169812,2.045801526717557
232,2018-12-01,1044.6,116,148,1.2758620689655173,9.005172413793103,2.027027027027027
232,2019-01-01,811.2,96,112,1.1666666666666667,8.450000000000001,2.017857142857143
232,2019-02-01,899.9,106,129,1.2169811320754718,8.489622641509433,2.0232558139534884
232,2019-03-01,818.4,90,117,1.3,9.093333333333334,2.034188034188034
232,2019-04-01,762.6,84,109,1.2976190476190477,9.07857142857143,2
232,2019-05-01,928,106,139,1.3113207547169812,8.754716981132075,1.8992805755395683
232,2019-06-01,668.2,83,99,1.1927710843373494,8.050602409638556,2.0202020202020203
233,2018-07-01,290.7,51,54,1.0588235294117647,5.7,1.6296296296296295
233,2018-08-01,285.9,48,50,1.0416666666666667,5.95625,1.6
233,2018-09-01,228.6,42,45,1.0714285714285714,5.442857142857143,1.5555555555555556
233,2018-10-01,185.7,35,36,1.0285714285714285,5.305714285714285,1.5555555555555556
233,2018-11-01,211.6,40,41,1.025,5.29,1.5121951219512195
233,2018-12-01,279.8,47,50,1.0638297872340425,5.953191489361703,1.5
233,2019-01-01,177.5,35,35,1,5.071428571428571,1.3428571428571427
233,2019-02-01,244,45,47,1.0444444444444445,5.4222222222222225,1.4893617021276595
233,2019-03-01,199.1,40,41,1.025,4.9775,1.4390243902439024
233,2019-04-01,158.6,30,32,1.0666666666666667,5.286666666666666,1.4375
233,2019-05-01,344.4,57,62,1.087719298245614,6.042105263157894,1.4838709677419355
233,2019-06-01,221,41,41,1,5.390243902439025,1.4878048780487805
234,2018-07-01,459.7,50,55,1.1,9.193999999999999,1.9090909090909092
234,2018-08-01,318.1,36,37,1.0277777777777777,8.836111111111112,1.8918918918918919
234,2018-09-01,425.6,50,51,1.02,8.512,1.9411764705882353
234,2018-10-01,282.1,34,34,1,8.297058823529412,1.9411764705882353
234,2018-11-01,381.9,40,43,1.075,9.5475,1.9534883720930232
234,2018-12-01,520.7,58,62,1.0689655172413792,8.977586206896552,1.9193548387096775
234,2019-01-01,316.7,36,36,1,8.797222222222222,1.9722222222222223
234,2019-02-01,342.1,38,40,1.0526315789473684,9.00263157894737,1.95
234,2019-03-01,466.2,49,53,1.0816326530612246,9.514285714285714,1.9622641509433962
234,2019-04-01,458,50,54,1.08,9.16,1.962962962962963
234,2019-05-01,431,51,54,1.0588235294117647,8.450980392156863,1.8148148148148149
234,2019-06-01,310.2,36,37,1.0277777777777777,8.616666666666667,1.9189189189189189
235,2018-07-01,533.4,56,58,1.0357142857142858,9.525,2
235,2018-08-01,422.25,46,52,1.1304347826086956,9.179347826086957,1.8846153846153846
235,2018-09-01,430.8,44,48,1.0909090909090908,9.790909090909091,2
235,2018-10-01,507.2,55,57,1.0363636363636364,9.22181818181818,2
235,2018-11-01,406.2,44,46,1.0454545454545454,9.231818181818182,2
235,2018-12-01,554.6,59,63,1.0677966101694916,9.4,2
235,2019-01-01,547,58,62,1.0689655172413792,9.431034482758621,2
235,2019-02-01,439.6,46,48,1.0434782608695652,9.556521739130435,2
235,2019-03-01,574.2,58,65,1.1206896551724137,9.9,2
235,2019-04-01,397,42,43,1.0238095238095237,9.452380952380953,2.046511627906977
235,2019-05-01,477.5,54,57,1.0555555555555556,8.842592592592593,1.8596491228070176
235,2019-06-01,438.4,51,51,1,8.596078431372549,2
236,2018-07-01,952,101,133,1.316831683168317,9.425742574257425,2.030075187969925
236,2018-08-01,970.8,108,142,1.3148148148148149,8.988888888888889,1.971830985915493
236,2018-09-01,864.6,98,123,1.2551020408163265,8.822448979591837,2.016260162601626
236,2018-10-01,879.6,97,121,1.2474226804123711,9.068041237113402,2
236,2018-11-01,705.2,79,105,1.3291139240506329,8.926582278481014,2
236,2018-12-01,987,104,140,1.3461538461538463,9.490384615384615,2.0142857142857142
236,2019-01-01,838.2,97,116,1.1958762886597938,8.641237113402063,2.0172413793103448
236,2019-02-01,914.8,104,136,1.3076923076923077,8.796153846153846,2.014705882352941
236,2019-03-01,896.8,104,124,1.1923076923076923,8.623076923076923,2
236,2019-04-01,848,95,118,1.2421052631578948,8.926315789473684,2.016949152542373
236,2019-05-01,979,107,143,1.3364485981308412,9.149532710280374,1.9090909090909092
236,2019-06-01,785,91,116,1.2747252747252746,8.626373626373626,2
237,2018-07-01,1448.4,128,162,1.265625,11.315625,2
237,2018-08-01,1367.8,135,165,1.2222222222222223,10.131851851851852,1.896969696969697
237,2018-09-01,1322.2,126,149,1.1825396825396826,10.493650793650794,2.0067114093959733
237,2018-10-01,1348.3,123,147,1.1951219512195121,10.961788617886178,2.0340136054421767
237,2018-11-01,1397.6,132,161,1.2196969696969697,10.587878787878788,1.9875776397515528
237,2018-12-01,1265,124,144,1.1612903225806452,10.201612903225806,2.0069444444444446
237,2019-01-01,1219.7,117,139,1.188034188034188,10.424786324786325,1.9928057553956835
237,2019-02-01,1404.8,126,157,1.246031746031746,11.149206349206349,2
237,2019-03-01,1208.2,119,134,1.1260504201680672,10.15294117647059,2.044776119402985
237,2019-04-01,1204.6,120,135,1.125,10.038333333333332,2.0148148148148146
237,2019-05-01,1199.3,129,149,1.1550387596899225,9.296899224806202,1.825503355704698
237,2019-06-01,1153.6,119,131,1.1008403361344539,9.694117647058823,2
238,2018-07-01,1086.3,110,127,1.1545454545454545,9.875454545454545,1.9763779527559056
238,2018-08-01,1241.7,124,148,1.1935483870967742,10.013709677419355,1.912162162162162
238,2018-09-01,1243.2,121,141,1.165289256198347,10.274380165289257,2.0141843971631204
238,2018-10-01,1054.6,99,117,1.1818181818181819,10.652525252525251,1.9914529914529915
238,2018-11-01,1222.7,119,141,1.184873949579832,10.274789915966387,1.9716312056737588
238,2018-12-01,1107.6,109,127,1.165137614678899,10.161467889908256,2.015748031496063
238,2019-01-01,1276.1,121,140,1.1570247933884297,10.546280991735536,2.0285714285714285
238,2019-02-01,1018.4,103,118,1.145631067961165,9.8873786407767,2
238,2019-03-01,949.9,91,108,1.1868131868131868,10.438461538461539,1.9907407407407407
238,2019-04-01,1182,113,136,1.2035398230088497,10.460176991150442,1.9705882352941178
238,2019-05-01,1255.7,116,144,1.2413793103448276,10.825000000000001,1.9583333333333333
238,2019-06-01,1070.2,101,123,1.2178217821782178,10.596039603960396,1.967479674796748
239,2018-07-01,367.9,42,44,1.0476190476190477,8.75952380952381,1.8863636363636365
239,2018-08-01,332.6,37,41,1.1081081081081081,8.98918918918919,1.7804878048780488
239,2018-09-01,348.5,37,40,1.0810810810810811,9.41891891891892,1.925
239,2018-10-01,305.1,38,39,1.0263157894736843,8.028947368421052,1.8205128205128205
239,2018-11-01,286.1,32,35,1.09375,8.940625,1.8285714285714285
239,2018-12-01,359.1,42,43,1.0238095238095237,8.55,1.8837209302325582
239,2019-01-01,405.9,47,50,1.0638297872340425,8.636170212765958,1.9
239,2019-02-01,384.5,41,44,1.0731707317073171,9.378048780487806,1.9772727272727273
239,2019-03-01,341.1,40,40,1,8.5275,1.95
239,2019-04-01,267.8,31,31,1,8.638709677419355,1.8387096774193548
239,2019-05-01,341.25,40,42,1.05,8.53125,1.8571428571428572
239,2019-06-01,347,40,41,1.025,8.675,1.829268292682927
240,2018-07-01,401.7,43,48,1.1162790697674418,9.341860465116278,1.9791666666666667
240,2018-08-01,345.2,39,41,1.0512820512820513,8.851282051282052,1.853658536585366
240,2018-09-01,465.7,50,52,1.04,9.314,1.9615384615384615
240,2018-10-01,435.3,46,49,1.065217391304348,9.46304347826087,1.9591836734693877
240,2018-11-01,431.9,48,50,1.0416666666666667,8.997916666666667,1.98
240,2018-12-01,326.1,35,36,1.0285714285714285,9.317142857142859,1.9444444444444444
240,2019-01-01,384.2,42,46,1.0952380952380953,9.147619047619047,1.9130434782608696
240,2019-02-01,258.6,29,29,1,8.917241379310346,2
240,2019-03-01,444.2,53,55,1.0377358490566038,8.381132075471697,1.8727272727272728
240,2019-04-01,362.1,39,41,1.0512820512820513,9.284615384615385,1.951219512195122
240,2019-05-01,445.2,47,51,1.0851063829787233,9.472340425531915,1.9215686274509804
240,2019-06-01,355.3,39,43,1.1025641025641026,9.11025641025641,1.930232558139535
241,2018-07-01,838.8,92,121,1.315217391304348,9.117391304347825,2
241,2018-08-01,727,92,111,1.2065217391304348,7.9021739130434785,2.009009009009009
241,2018-09-01,830.4,92,118,1.2826086956521738,9.02608695652174,2
241,2018-10-01,932.8,106,131,1.2358490566037736,8.799999999999999,2
241,2018-11-01,641.2,78,89,1.141025641025641,8.220512820512822,2.0224719101123596
241,2018-12-01,841.4,94,119,1.2659574468085106,8.951063829787234,2.033613445378151
241,2019-01-01,843.6,89,117,1.3146067415730338,9.478651685393258,2.017094017094017
241,2019-02-01,612.4,78,89,1.141025641025641,7.851282051282051,2
241,2019-03-01,828.6,99,122,1.2323232323232323,8.36969696969697,2
241,2019-04-01,770.6,87,109,1.2528735632183907,8.857471264367817,2
241,2019-05-01,702,94,114,1.2127659574468086,7.468085106382978,1.8157894736842106
241,2019-06-01,830.8,86,117,1.3604651162790697,9.660465116279068,2.017094017094017
242,2018-07-01,450,50,51,1.02,9,2
242,2018-08-01,446.6,48,55,1.1458333333333333,9.304166666666667,1.8727272727272728
242,2018-09-01,473.2,50,54,1.08,9.464,2
242,2018-10-01,517,53,59,1.1132075471698113,9.754716981132075,2
242,2018-11-01,511.6,56,59,1.0535714285714286,9.135714285714286,2
242,2018-12-01,498.2,54,56,1.037037037037037,9.225925925925926,2.0357142857142856
242,2019-01-01,526.6,56,60,1.0714285714285714,9.403571428571428,2
242,2019-02-01,465.5,47,53,1.127659574468085,9.904255319148936,1.9811320754716981
242,2019-03-01,554.9,60,62,1.0333333333333334,9.248333333333333,1.9838709677419355
242,2019-04-01,433.8,46,47,1.0217391304347827,9.430434782608696,2
242,2019-05-01,442.8,46,48,1.0434782608695652,9.626086956521739,2.0625
242,2019-06-01,496.6,51,57,1.1176470588235294,9.737254901960785,2
243,2018-07-01,344.4,48,51,1.0625,7.175,1.9803921568627452
243,2018-08-01,410.3,55,59,1.0727272727272728,7.46,1.8983050847457628
243,2018-09-01,391.5,48,54,1.125,8.15625,1.962962962962963
243,2018-10-01,351.2,47,51,1.0851063829787233,7.472340425531915,2
243,2018-11-01,412,57,60,1.0526315789473684,7.228070175438597,2
243,2018-12-01,404.9,61,62,1.0163934426229508,6.637704918032787,1.9193548387096775
243,2019-01-01,421.6,62,65,1.0483870967741935,6.800000000000001,1.9692307692307693
243,2019-02-01,405.2,52,53,1.0192307692307692,7.792307692307692,2
243,2019-03-01,421.4,53,57,1.0754716981132075,7.950943396226415,1.9824561403508771
243,2019-04-01,391.1,55,56,1.018181818181818,7.110909090909091,1.9821428571428572
243,2019-05-01,394.9,60,62,1.0333333333333334,6.581666666666666,1.7096774193548387
243,2019-06-01,329.1,43,43,1,7.653488372093023,1.9534883720930232
244,2018-07-01,15.3,3,3,1,5.1000000000000005,1.3333333333333333
244,2018-08-01,32.8,6,6,1,5.466666666666666,1.6666666666666667
244,2018-09-01,32.4,6,6,1,5.3999999999999995,1.6666666666666667
244,2018-10-01,42.5,7,7,1,6.071428571428571,1.5714285714285714
244,2018-11-01,14.3,4,4,1,3.575,1.5
244,2018-12-01,3,1,1,1,3,1
244,2019-01-01,39.3,4,4,1,9.825,2.25
244,2019-02-01,9,2,2,1,4.5,2
244,2019-03-01,22.8,5,5,1,4.5600000000000005,1.6
244,2019-04-01,29.8,5,5,1,5.96,1.8
244,2019-05-01,21.25,4,4,1,5.3125,1.5
244,2019-06-01,69.3,11,11,1,6.3,1.7272727272727273
245,2018-07-01,375.2,41,43,1.048780487804878,9.151219512195121,1.930232558139535
245,2018-08-01,341,41,43,1.048780487804878,8.317073170731707,1.7906976744186047
245,2018-09-01,340.6,40,42,1.05,8.515,1.880952380952381
245,2018-10-01,301.5,30,35,1.1666666666666667,10.05,1.8857142857142857
245,2018-11-01,495.1,54,59,1.0925925925925926,9.16851851851852,1.9491525423728813
245,2018-12-01,299.3,31,34,1.096774193548387,9.654838709677419,1.911764705882353
245,2019-01-01,345.5,41,43,1.048780487804878,8.426829268292684,1.8604651162790697
245,2019-02-01,341.3,38,40,1.0526315789473684,8.9815789473684209,1.925
245,2019-03-01,444.3,52,54,1.0384615384615385,8.544230769230769,1.9444444444444444
245,2019-04-01,301.9,34,35,1.0294117647058822,8.879411764705882,1.9142857142857144
245,2019-05-01,322.7,35,36,1.0285714285714285,9.219999999999999,1.9444444444444444
245,2019-06-01,397.2,46,47,1.0217391304347827,8.634782608695652,1.8936170212765957
246,2018-07-01,403.4,40,44,1.1,10.084999999999999,2
246,2018-08-01,453.6,46,54,1.173913043478261,9.860869565217392,1.8148148148148149
246,2018-09-01,498,48,54,1.125,10.375,2
246,2018-10-01,564,57,61,1.0701754385964912,9.894736842105264,2.0327868852459017
246,2018-11-01,512.4,54,56,1.037037037037037,9.488888888888889,2.0357142857142856
246,2018-12-01,659,70,74,1.0571428571428572,9.414285714285715,2.027027027027027
246,2019-01-01,459,49,52,1.0612244897959184,9.36734693877551,2.0384615384615383
246,2019-02-01,509,57,59,1.0350877192982457,8.929824561403509,2
246,2019-03-01,490,51,55,1.0784313725490196,9.607843137254902,2
246,2019-04-01,527.8,52,59,1.1346153846153846,10.149999999999999,2
246,2019-05-01,425.4,45,51,1.1333333333333333,9.453333333333333,1.9019607843137254
246,2019-06-01,452.6,48,51,1.0625,9.429166666666667,2
247,2018-07-01,852.4,97,126,1.2989690721649485,8.78762886597938,2.015873015873016
247,2018-08-01,781,96,121,1.2604166666666667,8.135416666666666,1.859504132231405
247,2018-09-01,852.4,95,121,1.2736842105263158,8.972631578947368,2.0165289256198347
247,2018-10-01,1002.2,106,146,1.3773584905660377,9.454716981132076,2.0136986301369864
247,2018-11-01,786.2,92,117,1.2717391304347827,8.545652173913044,2
247,2018-12-01,797.6,97,121,1.2474226804123711,8.222680412371135,2.0165289256198347
247,2019-01-01,906.2,106,132,1.2452830188679245,8.549056603773586,2
247,2019-02-01,930.2,100,129,1.29,9.302,2
247,2019-03-01,888.4,106,125,1.179245283018868,8.381132075471697,2.032
247,2019-04-01,1032,111,149,1.3423423423423424,9.297297297297296,2.0134228187919465
247,2019-05-01,932.5,104,141,1.3557692307692308,8.966346153846153,1.9219858156028369
247,2019-06-01,890.4,108,132,1.2222222222222223,8.244444444444444,2.015151515151515
248,2018-07-01,386.6,56,59,1.0535714285714286,6.903571428571429,1.8644067796610169
248,2018-08-01,373.4,60,64,1.0666666666666667,6.223333333333333,1.65625
248,2018-09-01,468.1,59,63,1.0677966101694916,7.933898305084746,1.873015873015873
248,2018-10-01,298.9,43,45,1.0465116279069768,6.951162790697674,1.8888888888888888
248,2018-11-01,363.5,52,54,1.0384615384615385,6.990384615384615,1.8888888888888888
248,2018-12-01,452.2,62,66,1.064516129032258,7.293548387096774,1.9090909090909092
248,2019-01-01,360.3,49,54,1.1020408163265305,7.353061224489796,1.8703703703703705
248,2019-02-01,255.9,44,44,1,5.815909090909091,1.8636363636363635
248,2019-03-01,266.7,46,46,1,5.797826086956522,1.891304347826087
248,2019-04-01,345.4,48,49,1.0208333333333333,7.195833333333333,1.9591836734693877
248,2019-05-01,236.6,43,44,1.0232558139534884,5.502325581395349,1.7045454545454546
248,2019-06-01,378.5,53,55,1.0377358490566038,7.1415094339622645,1.9090909090909092
249,2018-07-01,250.4,43,46,1.069767441860465,5.823255813953488,1.5869565217391304
249,2018-08-01,298.5,54,55,1.0185185185185186,5.527777777777778,1.5818181818181818
249,2018-09-01,288.4,46,46,1,6.269565217391304,1.7608695652173914
249,2018-10-01,332.8,53,57,1.0754716981132075,6.279245283018868,1.6666666666666667
249,2018-11-01,229.7,37,41,1.1081081081081081,6.2081081081081075,1.6585365853658536
249,2018-12-01,292.9,46,48,1.0434782608695652,6.367391304347826,1.75
249,2019-01-01,285.4,45,48,1.0666666666666667,6.3422222222222215,1.7083333333333333
249,2019-02-01,302.1,49,51,1.0408163265306123,6.16530612244898,1.6274509803921569
249,2019-03-01,284.6,49,52,1.0612244897959184,5.808163265306123,1.5769230769230769
249,2019-04-01,259.8,44,45,1.0227272727272727,5.904545454545455,1.6666666666666667
249,2019-05-01,278.4,48,52,1.0833333333333333,5.8,1.5961538461538463
249,2019-06-01,285.2,50,52,1.04,5.704,1.6346153846153846
250,2018-07-01,1161.5,120,136,1.1333333333333333,9.679166666666667,1.9779411764705883
250,2018-08-01,1322.9,135,158,1.1703703703703703,9.79925925925926,1.8544303797468353
250,2018-09-01,939.5,94,108,1.148936170212766,9.99468085106383,1.9537037037037037
250,2018-10-01,1127.2,109,126,1.1559633027522935,10.341284403669725,1.9682539682539681
250,2018-11-01,1045.9,100,123,1.23,10.459000000000001,1.967479674796748
250,2018-12-01,1173.5,112,132,1.1785714285714286,10.477678571428571,2
250,2019-01-01,981.6,102,114,1.1176470588235294,9.623529411764705,1.9649122807017543
250,2019-02-01,1037.5,105,117,1.1142857142857143,9.880952380952381,2
250,2019-03-01,1092.5,101,125,1.2376237623762376,10.816831683168317,1.976
250,2019-04-01,1059.8,102,119,1.1666666666666667,10.390196078431373,1.9747899159663866
250,2019-05-01,865.4,96,106,1.1041666666666667,9.014583333333333,1.8679245283018868
250,2019-06-01,1116.9,109,128,1.1743119266055047,10.246788990825689,1.953125
251,2018-07-01,439.4,48,50,1.0416666666666667,9.154166666666667,2
251,2018-08-01,348.55,37,39,1.054054054054054,9.42027027027027,2
251,2018-09-01,292.6,30,32,1.0666666666666667,9.753333333333334,2
251,2018-10-01,423.4,47,48,1.0212765957446808,9.008510638297873,1.9583333333333333
251,2018-11-01,542.8,56,61,1.0892857142857142,9.692857142857141,2.0327868852459017
251,2018-12-01,454,52,53,1.0192307692307692,8.73076923076923,1.9811320754716981
251,2019-01-01,368,39,43,1.1025641025641026,9.435897435897436,1.9767441860465116
251,2019-02-01,320,34,36,1.0588235294117647,9.411764705882353,2
251,2019-03-01,392.2,45,47,1.0444444444444445,8.7155555555555555,1.9787234042553192
251,2019-04-01,456.7,49,51,1.0408163265306123,9.320408163265306,2.019607843137255
251,2019-05-01,287.6,34,35,1.0294117647058822,8.458823529411765,1.8571428571428572
251,2019-06-01,341.2,39,40,1.0256410256410255,8.748717948717948,2
252,2018-08-01,3.7,1,1,1,3.7,1
252,2019-03-01,3.7,1,1,1,3.7,1
253,2018-07-01,391,41,44,1.0731707317073171,9.536585365853659,2
253,2018-08-01,390.3,42,45,1.0714285714285714,9.292857142857143,1.9333333333333333
253,2018-09-01,451.4,47,50,1.0638297872340425,9.604255319148935,2
253,2018-10-01,403,40,43,1.075,10.075,2
253,2018-11-01,502.8,55,55,1,9.141818181818183,2
253,2018-12-01,422.6,47,50,1.0638297872340425,8.991489361702127,2
253,2019-01-01,356,38,42,1.105263157894737,9.368421052631579,2
253,2019-02-01,310.4,31,33,1.064516129032258,10.01290322580645,2
253,2019-03-01,454.8,49,52,1.0612244897959184,9.281632653061225,1.9807692307692308
253,2019-04-01,430,42,48,1.1428571428571428,10.238095238095237,2
253,2019-05-01,336.4,39,42,1.0769230769230769,8.625641025641025,1.8333333333333333
253,2019-06-01,470,50,54,1.08,9.4,2
254,2018-07-01,156.4,45,47,1.0444444444444445,3.4755555555555557,1.0425531914893618
254,2018-08-01,199.9,44,46,1.0454545454545454,4.543181818181818,1.1956521739130435
254,2018-09-01,131.4,34,35,1.0294117647058822,3.864705882352941,1.0571428571428572
254,2018-10-01,108.7,29,35,1.206896551724138,3.7482758620689656,1
254,2018-11-01,132,31,34,1.096774193548387,4.258064516129032,1.0588235294117647
254,2018-12-01,137.3,41,43,1.048780487804878,3.3487804878048784,1.0465116279069768
254,2019-01-01,125.9,32,34,1.0625,3.934375,1.0294117647058822
254,2019-02-01,95.3,27,28,1.037037037037037,3.5296296296296297,1
254,2019-03-01,162.7,34,35,1.0294117647058822,4.785294117647059,1.2
254,2019-04-01,77.4,22,23,1.0454545454545454,3.5181818181818185,1
254,2019-05-01,150.6,43,44,1.0232558139534884,3.5023255813953487,1.0909090909090908
254,2019-06-01,143.7,36,37,1.0277777777777777,3.9916666666666663,1.054054054054054
255,2018-07-01,254.1,47,49,1.0425531914893618,5.406382978723404,1.4081632653061225
255,2018-08-01,171.9,33,35,1.0606060606060606,5.209090909090909,1.5714285714285714
255,2018-09-01,227.7,44,44,1,5.175,1.6363636363636365
255,2018-10-01,235.6,43,45,1.0465116279069768,5.47906976744186,1.5555555555555556
255,2018-11-01,253.2,48,51,1.0625,5.2749999999999995,1.4509803921568627
255,2018-12-01,262.4,44,45,1.0227272727272727,5.963636363636363,1.5555555555555556
255,2019-01-01,231.70000000000002,46,49,1.065217391304348,5.036956521739131,1.4285714285714286
255,2019-02-01,215.70000000000002,42,45,1.0714285714285714,5.135714285714286,1.4444444444444444
255,2019-03-01,206.6,41,42,1.024390243902439,5.0390243902439025,1.4285714285714286
255,2019-04-01,239.4,45,48,1.0666666666666667,5.32,1.5208333333333333
255,2019-05-01,220.7,41,44,1.0731707317073171,5.382926829268293,1.4318181818181819
255,2019-06-01,316.3,61,63,1.0327868852459017,5.185245901639345,1.4126984126984128
256,2018-07-01,256.2,40,46,1.15,6.404999999999999,1.6956521739130435
256,2018-08-01,356.6,54,57,1.0555555555555556,6.6037037037037045,1.8245614035087718
256,2018-09-01,284.9,45,46,1.0222222222222221,6.3311111111111105,1.6521739130434783
256,2018-10-01,278,43,46,1.069767441860465,6.465116279069767,1.7608695652173914
256,2018-11-01,255.3,38,41,1.0789473684210527,6.718421052631579,1.8048780487804879
256,2018-12-01,350.2,52,56,1.0769230769230769,6.734615384615385,1.8035714285714286
256,2019-01-01,318.3,52,53,1.0192307692307692,6.121153846153846,1.6981132075471699
256,2019-02-01,253,43,46,1.069767441860465,5.883720930232558,1.608695652173913
256,2019-03-01,360.1,51,55,1.0784313725490196,7.060784313725491,1.8
256,2019-04-01,199,31,32,1.032258064516129,6.419354838709677,1.8125
256,2019-05-01,315.4,53,54,1.0188679245283019,5.950943396226415,1.7222222222222223
256,2019-06-01,264.4,42,44,1.0476190476190477,6.295238095238095,1.7272727272727273
257,2018-07-01,1062.8,118,153,1.2966101694915255,9.00677966101695,2.026143790849673
257,2018-08-01,963.2,112,142,1.2678571428571428,8.6,2.0140845070422535
257,2018-09-01,950.8000000000001,103,129,1.2524271844660195,9.23106796116505,2
257,2018-10-01,735.2,89,106,1.1910112359550562,8.260674157303372,2.018867924528302
257,2018-11-01,1083,125,157,1.256,8.664,2
257,2018-12-01,882.2,97,125,1.288659793814433,9.094845360824742,2
257,2019-01-01,788.2,99,119,1.202020202020202,7.9616161616161625,2
257,2019-02-01,818.6,93,116,1.2473118279569892,8.80215053763441,2
257,2019-03-01,1164.8,124,166,1.3387096774193548,9.393548387096773,2.0240963855421685
257,2019-04-01,955.4,103,134,1.3009708737864079,9.275728155339806,2.029850746268657
257,2019-05-01,856.1,105,133,1.2666666666666666,8.153333333333334,1.887218045112782
257,2019-06-01,963.2,106,135,1.2735849056603774,9.086792452830188,2.0296296296296297
258,2018-07-01,16.2,2,2,1,8.1,2
258,2018-08-01,21,3,3,1,7,1.6666666666666667
258,2018-09-01,40,6,6,1,6.666666666666667,2
258,2018-10-01,31.8,3,3,1,10.6,2
258,2018-11-01,11.8,2,2,1,5.9,2
258,2018-12-01,29,4,4,1,7.25,2
258,2019-01-01,35.2,7,7,1,5.028571428571429,2
258,2019-02-01,41.4,5,5,1,8.28,2
258,2019-03-01,39,5,5,1,7.8,2
258,2019-04-01,28.4,4,4,1,7.1,2
258,2019-05-01,23.900000000000002,4,4,1,5.9750000000000005,1.5
258,2019-06-01,18.2,2,2,1,9.1,2
259,2018-07-01,979.4,109,139,1.275229357798165,8.985321100917432,2
259,2018-08-01,879.7,106,136,1.2830188679245282,8.299056603773586,1.8897058823529411
259,2018-09-01,1005.6,103,145,1.4077669902912622,9.763106796116505,2.0413793103448277
259,2018-10-01,878.6,92,115,1.25,9.55,2.034782608695652
259,2018-11-01,1064.4,109,143,1.311926605504587,9.765137614678899,2.041958041958042
259,2018-12-01,978.6,112,143,1.2767857142857142,8.7375,2.041958041958042
259,2019-01-01,992.2,114,134,1.1754385964912282,8.703508771929824,2.014925373134328
259,2019-02-01,916,98,126,1.2857142857142858,9.346938775510203,2.0476190476190474
259,2019-03-01,1053,121,142,1.1735537190082646,8.702479338842975,2
259,2019-04-01,1086.6,110,145,1.3181818181818181,9.878181818181817,2.0413793103448277
259,2019-05-01,873.2,104,132,1.2692307692307692,8.396153846153847,1.8409090909090908
259,2019-06-01,833.6,100,122,1.22,8.336,2
260,2018-07-01,453,49,53,1.0816326530612246,9.244897959183673,2
260,2018-08-01,324.2,40,40,1,8.105,1.825
260,2018-09-01,412.8,46,49,1.065217391304348,8.97391304347826,1.9795918367346939
260,2018-10-01,562.7,62,64,1.032258064516129,9.075806451612904,1.984375
260,2018-11-01,432.6,46,49,1.065217391304348,9.404347826086957,2.020408163265306
260,2018-12-01,488.2,53,55,1.0377358490566038,9.211320754716981,2
260,2019-01-01,347.4,38,39,1.0263157894736843,9.142105263157895,2.051282051282051
260,2019-02-01,487,49,55,1.1224489795918366,9.938775510204081,2
260,2019-03-01,500.2,54,59,1.0925925925925926,9.262962962962963,2
260,2019-04-01,474,48,51,1.0625,9.875,2
260,2019-05-01,486.75,53,59,1.1132075471698113,9.183962264150944,1.88135593220339
260,2019-06-01,463.4,50,53,1.06,9.267999999999999,2
261,2018-07-01,1150.3,116,132,1.1379310344827587,9.916379310344826,1.9924242424242424
261,2018-08-01,1131.1,119,141,1.184873949579832,9.505042016806723,1.8439716312056738
261,2018-09-01,1119.3,103,124,1.203883495145631,10.866990291262136,1.9919354838709677
261,2018-10-01,1228.7,120,138,1.15,10.239166666666668,2.0072463768115942
261,2018-11-01,1060.4,112,124,1.1071428571428572,9.467857142857143,2
261,2018-12-01,1262.4,126,142,1.126984126984127,10.019047619047619,2
261,2019-01-01,1244.6,113,143,1.2654867256637168,11.014159292035398,2
261,2019-02-01,1072.2,104,119,1.1442307692307692,10.309615384615386,2.008403361344538
261,2019-03-01,1277.4,123,143,1.1626016260162602,10.385365853658538,2.020979020979021
261,2019-04-01,1003,92,109,1.184782608695652,10.902173913043478,2.018348623853211
261,2019-05-01,1157.15,109,131,1.201834862385321,10.61605504587156,2.030534351145038
261,2019-06-01,1153.2,106,128,1.2075471698113207,10.879245283018868,2.015625
262,2018-07-01,747.9,84,108,1.2857142857142858,8.903571428571428,2.009259259259259
262,2018-08-01,780.1,80,108,1.35,9.75125,2.037037037037037
262,2018-09-01,661.6,80,96,1.2,8.27,2
262,2018-10-01,911.2,105,129,1.2285714285714286,8.678095238095239,2
262,2018-11-01,748.2,86,104,1.2093023255813953,8.700000000000001,2
262,2018-12-01,868.6,96,121,1.2604166666666667,9.047916666666667,2
262,2019-01-01,642.4,85,97,1.1411764705882352,7.557647058823529,2.020618556701031
262,2019-02-01,754.6,85,103,1.2117647058823529,8.87764705882353,2.0194174757281553
262,2019-03-01,741.8,89,106,1.1910112359550562,8.334831460674156,2.018867924528302
262,2019-04-01,827,91,116,1.2747252747252746,9.087912087912088,2.0344827586206895
262,2019-05-01,655.7,81,94,1.1604938271604939,8.095061728395063,1.9361702127659575
262,2019-06-01,922,96,131,1.3645833333333333,9.604166666666666,2.015267175572519
263,2018-07-01,38.7,9,9,1,4.300000000000001,1.3333333333333333
263,2018-08-01,28,6,6,1,4.666666666666667,1.3333333333333333
263,2018-09-01,21.799999999999997,4,4,1,5.449999999999999,1.5
263,2018-10-01,36.6,8,8,1,4.575,1.5
263,2018-11-01,15.799999999999999,2,2,1,7.8999999999999995,2
263,2018-12-01,24.6,6,6,1,4.1000000000000005,1.1666666666666667
263,2019-01-01,21.299999999999997,5,5,1,4.26,1.2
263,2019-02-01,37.4,6,6,1,6.233333333333333,1.6666666666666667
263,2019-03-01,26,5,5,1,5.2,1.4
263,2019-04-01,9,3,3,1,3,1
263,2019-05-01,8.1,2,2,1,4.05,1
263,2019-06-01,33.2,5,5,1,6.640000000000001,1.4
264,2018-07-01,232.6,53,53,1,4.388679245283019,1.3396226415094339
264,2018-08-01,203.3,40,41,1.025,5.0825000000000005,1.4146341463414633
264,2018-09-01,199.5,45,46,1.0222222222222221,4.433333333333334,1.3043478260869565
264,2018-10-01,170,38,39,1.0263157894736843,4.473684210526316,1.2307692307692308
264,2018-11-01,184.5,35,37,1.0571428571428572,5.271428571428571,1.3513513513513513
264,2018-12-01,288.5,55,60,1.0909090909090908,5.245454545454545,1.3666666666666667
264,2019-01-01,247.3,48,50,1.0416666666666667,5.152083333333334,1.36
264,2019-02-01,175.2,42,44,1.0476190476190477,4.171428571428571,1.3181818181818181
264,2019-03-01,161,36,40,1.1111111111111112,4.472222222222222,1.175
264,2019-04-01,194.20000000000002,39,39,1,4.97948717948718,1.3846153846153846
264,2019-05-01,242,47,48,1.0212765957446808,5.148936170212766,1.3541666666666667
264,2019-06-01,221.7,47,49,1.0425531914893618,4.717021276595744,1.2244897959183674
265,2018-07-01,247.8,51,54,1.0588235294117647,4.858823529411765,1.3703703703703705
265,2018-08-01,227.1,51,56,1.0980392156862746,4.452941176470588,1.2678571428571428
265,2018-09-01,133.5,30,33,1.1,4.45,1.2121212121212122
265,2018-10-01,162.9,37,38,1.027027027027027,4.402702702702703,1.263157894736842
265,2018-11-01,282.8,58,63,1.0862068965517242,4.875862068965517,1.3492063492063493
265,2018-12-01,205.3,46,47,1.0217391304347827,4.46304347826087,1.2765957446808511
265,2019-01-01,176.7,33,34,1.0303030303030303,5.3545454545454545,1.411764705882353
265,2019-02-01,212.7,41,43,1.048780487804878,5.18780487804878,1.3255813953488371
265,2019-03-01,164.1,37,37,1,4.435135135135135,1.2702702702702702
265,2019-04-01,236.4,46,49,1.065217391304348,5.139130434782609,1.489795918367347
265,2019-05-01,181.2,36,36,1,5.033333333333333,1.3888888888888888
265,2019-06-01,202.9,39,39,1,5.202564102564103,1.4102564102564104
266,2018-07-01,127.3,31,33,1.064516129032258,4.106451612903226,1.0909090909090908
266,2018-08-01,154.5,37,40,1.0810810810810811,4.175675675675675,1.125
266,2018-09-01,139,36,40,1.1111111111111112,3.861111111111111,1.025
266,2018-10-01,170.4,38,42,1.105263157894737,4.484210526315789,1.119047619047619
266,2018-11-01,144.2,36,39,1.0833333333333333,4.0055555555555555,1.0512820512820513
266,2018-12-01,157.8,43,46,1.069767441860465,3.6697674418604653,1.0869565217391304
266,2019-01-01,148.7,44,46,1.0454545454545454,3.3795454545454544,1.0217391304347827
266,2019-02-01,119.7,34,36,1.0588235294117647,3.5205882352941176,1.0277777777777777
266,2019-03-01,128.2,32,33,1.03125,4.00625,1.121212121212121
266,2019-04-01,124.4,31,31,1,4.012903225806451,1.032258064516129
266,2019-05-01,166.2,44,45,1.0227272727272727,3.777272727272727,1.0666666666666667
266,2019-06-01,162.3,42,46,1.0952380952380953,3.8642857142857148,1.0869565217391304
267,2018-07-01,6.199999999999999,2,2,1,3.0999999999999996,1
267,2018-08-01,24.9,5,5,1,4.9799999999999995,1.2
267,2018-09-01,23.3,5,5,1,4.66,1.2
267,2018-10-01,14.4,4,4,1,3.6,1
267,2018-11-01,40.300000000000004,9,9,1,4.477777777777778,1.2222222222222223
267,2018-12-01,15.399999999999999,5,5,1,3.0799999999999996,1
267,2019-01-01,34.4,9,9,1,3.822222222222222,1.1111111111111112
267,2019-02-01,23,5,5,1,4.6,1.2
267,2019-03-01,23.6,6,6,1,3.9333333333333336,1
267,2019-04-01,14,5,5,1,2.8,1
267,2019-05-01,37.4,7,7,1,5.3428571428571425,1.1428571428571428
267,2019-06-01,18.5,4,4,1,4.625,1
268,2018-07-01,224,48,52,1.0833333333333333,4.666666666666667,1.3076923076923077
268,2018-08-01,322.65,50,54,1.08,6.452999999999999,1.6296296296296295
268,2018-09-01,174.4,31,34,1.096774193548387,5.625806451612903,1.4705882352941178
268,2018-10-01,237.6,47,48,1.0212765957446808,5.05531914893617,1.3541666666666667
268,2018-11-01,225.4,49,51,1.0408163265306123,4.6000000000000005,1.3137254901960784
268,2018-12-01,207.3,42,43,1.0238095238095237,4.935714285714286,1.3255813953488371
268,2019-01-01,157.7,37,38,1.027027027027027,4.262162162162162,1.236842105263158
268,2019-02-01,165,36,37,1.0277777777777777,4.583333333333333,1.2702702702702702
268,2019-03-01,225,46,47,1.0217391304347827,4.891304347826087,1.3191489361702127
268,2019-04-01,191.5,47,50,1.0638297872340425,4.074468085106383,1.14
268,2019-05-01,245.8,48,51,1.0625,5.120833333333334,1.3137254901960784
268,2019-06-01,224.7,38,40,1.0526315789473684,5.913157894736842,1.425
269,2018-07-01,982,103,138,1.3398058252427185,9.533980582524272,2.0144927536231885
269,2018-08-01,835.1,109,132,1.2110091743119267,7.661467889908257,1.8863636363636365
269,2018-09-01,886,100,123,1.23,8.86,2.016260162601626
269,2018-10-01,1078.4,111,148,1.3333333333333333,9.715315315315316,2
269,2018-11-01,967.2,106,134,1.2641509433962264,9.124528301886793,2.029850746268657
269,2018-12-01,935.4,107,132,1.233644859813084,8.742056074766355,2.015151515151515
269,2019-01-01,980.4,110,144,1.309090909090909,8.912727272727272,2
269,2019-02-01,955.2,103,130,1.2621359223300972,9.273786407766991,2.046153846153846
269,2019-03-01,845.8,97,122,1.2577319587628866,8.719587628865979,2
269,2019-04-01,991.2,109,138,1.2660550458715596,9.093577981651377,2.0144927536231885
269,2019-05-01,900.7,102,130,1.2745098039215685,8.830392156862745,1.9384615384615385
269,2019-06-01,864.4,99,127,1.2828282828282829,8.731313131313131,2
270,2018-07-01,962.8,96,137,1.4270833333333333,10.029166666666667,2.0291970802919708
270,2018-08-01,1003.75,122,153,1.2540983606557377,8.227459016393443,1.8888888888888888
270,2018-09-01,845.4,101,126,1.2475247524752475,8.37029702970297,2
270,2018-10-01,816.4,96,115,1.1979166666666667,8.504166666666666,2.0695652173913044
270,2018-11-01,965,101,129,1.2772277227722773,9.554455445544555,2.062015503875969
270,2018-12-01,1038,101,145,1.4356435643564356,10.277227722772277,2.0551724137931036
270,2019-01-01,1066.6,117,153,1.3076923076923077,9.116239316239316,2.026143790849673
270,2019-02-01,868.4,94,125,1.3297872340425532,9.238297872340425,2
270,2019-03-01,991.2,104,142,1.3653846153846154,9.53076923076923,2.0140845070422535
270,2019-04-01,926.4,100,130,1.3,9.264,2.0307692307692307
270,2019-05-01,897.8,98,126,1.2857142857142858,9.161224489795918,1.9841269841269842
270,2019-06-01,912.2,104,127,1.2211538461538463,8.771153846153847,2
271,2018-07-01,956.6,96,127,1.3229166666666667,9.964583333333334,2.031496062992126
271,2018-08-01,683.9,84,100,1.1904761904761905,8.141666666666666,1.92
271,2018-09-01,798.4,91,114,1.2527472527472527,8.773626373626373,2
271,2018-10-01,790,93,113,1.2150537634408602,8.494623655913978,2.017699115044248
271,2018-11-01,886.4,98,120,1.2244897959183674,9.044897959183674,2.033333333333333
271,2018-12-01,807.4,98,116,1.183673469387755,8.238775510204082,2.0172413793103448
271,2019-01-01,842.4,92,118,1.2826086956521738,9.156521739130435,2.0338983050847457
271,2019-02-01,746.2,86,101,1.1744186046511629,8.676744186046513,2.01980198019802
271,2019-03-01,735.8,79,101,1.2784810126582278,9.313924050632911,2
271,2019-04-01,774.6,87,109,1.2528735632183907,8.90344827586207,2
271,2019-05-01,771.9,96,126,1.3125,8.040625,1.8571428571428572
271,2019-06-01,928.2,108,129,1.1944444444444444,8.594444444444445,2
272,2018-07-01,433.1,48,52,1.0833333333333333,9.022916666666667,1.8846153846153846
272,2018-08-01,372.85,44,48,1.0909090909090908,8.473863636363637,1.7708333333333333
272,2018-09-01,304.7,32,36,1.125,9.521875,1.9722222222222223
272,2018-10-01,430.6,44,50,1.1363636363636365,9.786363636363637,1.98
272,2018-11-01,376.2,41,45,1.0975609756097562,9.175609756097561,1.9333333333333333
272,2018-12-01,403.9,47,47,1,8.593617021276595,1.8936170212765957
272,2019-01-01,423,46,50,1.0869565217391304,9.195652173913043,1.92
272,2019-02-01,395.5,45,48,1.0666666666666667,8.78888888888889,1.8958333333333333
272,2019-03-01,442.3,50,53,1.06,8.846,1.9056603773584906
272,2019-04-01,445.1,54,55,1.0185185185185186,8.242592592592594,1.9090909090909092
272,2019-05-01,314.6,34,40,1.1764705882352942,9.2529411764705891,1.775
272,2019-06-01,312.1,34,37,1.088235294117647,9.179411764705883,1.8918918918918919
